file,title,h1,enquiry,sow_strip,key_question
Art_Teesside/Build/BUILD_ART_A2_W1_Surface_Hunt.html,BUILD Art A2 W1 · Surface Hunt,Surface Hunt,,Progress SoW · Arts Aut 2 · 2026–27 · BUILD · Week 1,
Art_Teesside/Build/BUILD_ART_A2_W2_Arts_Inspiration.html,BUILD Art A2 W2 · Arts Inspiration,Arts Inspiration,,Progress SoW · Arts Aut 2 · 2026–27 · BUILD · Week 2,
Art_Teesside/Build/BUILD_ART_A2_W3_Stencil_Lab.html,BUILD Art A2 W3 · Stencil Lab,Stencil Lab,,Progress SoW · Arts Aut 2 · 2026–27 · BUILD · Week 3,
Art_Teesside/Build/BUILD_ART_A2_W4_Audience_Week.html,BUILD Art A2 W4 · Audience Week,Audience Week,,Progress SoW · Arts Aut 2 · 2026–27 · BUILD · Week 4,
Art_Teesside/Build/BUILD_ART_A2_W5_Layer_and_Combine.html,BUILD Art A2 W5 · Layer and Combine,Layer and Combine,,Progress SoW · Arts Aut 2 · 2026–27 · BUILD · Week 5,
Art_Teesside/Build/BUILD_ART_A2_W6_Resolve_and_Edition.html,BUILD Art A2 W6 · Resolve and Edition,Resolve and Print an Edition of Five,,Progress SoW · Arts Aut 2 · 2026–27 · BUILD · Week 6,
Art_Teesside/Build/BUILD_ART_A2_W7_Bank_It_and_Plan_the_Teach.html,BUILD Art A2 W7 · Bank It and Plan the Teach,Bank It and Plan the Teach,,Progress SoW · Arts Aut 2 · 2026–27 · BUILD · Week 7,
Art_Teesside/Build/BUILD_ART_W1_The_Local_Canvas.html,BUILD Art W1 · The Local Canvas,The Local Canvas,,Progress SoW · Arts Aut 1 · 2026–27 · BUILD · Week 1,"You walked past a hundred artworks on the way here — girders, shutters, rust stains, brick patterns. Which did you actually SEE?"
Art_Teesside/Build/BUILD_ART_W2_Artists_Makers_and_Teesside_Connections.html,"BUILD Art W2 · Artists, Makers and Teesside Connections","Artists, Makers and Teesside Connections",,Progress SoW · Arts Aut 1 · 2026–27 · BUILD · Week 2,"Painters, photographers and printmakers have been working the Tees for 150 years — smoke, steel, river and all. What did they see that we walk past?"
Art_Teesside/Build/BUILD_ART_W3_Industrial_Surface_Skills_Lab.html,BUILD Art W3 · Industrial Surface Skills Lab,Industrial Surface Skills Lab,,Progress SoW · Arts Aut 1 · 2026–27 · BUILD · Week 3,"Today is training, not performance. Six stations, six industrial surfaces, and full permission to ruin paper finding out what works."
Art_Teesside/Build/BUILD_ART_W4_Build_the_Brief.html,BUILD Art W4 · Build the Brief,Build the Brief,,Progress SoW · Arts Aut 1 · 2026–27 · BUILD · Week 4,"Every finished artwork answers three questions before it starts: what am I making, what should it communicate, and how will I pull it off?"
Art_Teesside/Build/BUILD_ART_W5_Critique_Test_and_Redirect.html,"BUILD Art W5 · Critique, Test and Redirect","Critique, Test and Redirect",,Progress SoW · Arts Aut 1 · 2026–27 · BUILD · Week 5,"Your work is mid-flight — the most useful moment for other eyes. Today: what to protect, what to test, what to change, what to reject."
Art_Teesside/Build/BUILD_ART_W6_Resolve_the_Artwork.html,BUILD Art W6 · Resolve the Artwork,Resolve the Artwork,,Progress SoW · Arts Aut 1 · 2026–27 · BUILD · Week 6,"The first 80% of an artwork is generous; the last 20% is decisions. Today is decisions: what gets finished, what gets left, what gets saved."
Art_Teesside/Build/BUILD_ART_W7_Curate_the_Showcase.html,BUILD Art W7 · Curate the Showcase,Curate the Showcase,,Progress SoW · Arts Aut 1 · 2026–27 · BUILD · Week 7,The same piece reads differently at eye height in good light with a clear label than skied in a corner. Today YOU are the curators — the wall is yours.
Art_Teesside/Build/BUILD_ART_W8_Share_Reflect_and_Close_the_Loop.html,"BUILD Art W8 · Share, Reflect and Close the Loop","Share, Reflect and Close the Loop",,Progress SoW · Arts Aut 1 · 2026–27 · BUILD · Week 8,Week 1's shaky element sheet. Week 3's best strip. Week 6's finished piece. Week 7's hung wall. Lay them in a row — that row is the story you tell today.
Art_Teesside/Grow/GROW_ART_W1_The_Local_Canvas.html,GROW Art W1 · The Local Canvas,The Local Canvas,,Progress SoW · Arts Aut 1 · 2026–27 · GROW · Week 1,Everything within ten minutes of this room is potential material. Bronze begins by claiming your patch: what's in YOUR radius that nobody else would map?
Art_Teesside/Grow/GROW_ART_W2_Studio_Skills_and_Safe_Practice.html,GROW Art W2 · Studio Skills and Safe Practice,Studio Skills and Safe Practice,,Progress SoW · Arts Aut 1 · 2026–27 · GROW · Week 2,Anyone can get lucky once. Bronze practice means getting it RIGHT three times and DIFFERENT on purpose the fourth. Today we take control of a process.
Art_Teesside/Grow/GROW_ART_W3_Independent_Studio_Challenge.html,GROW Art W3 · Independent Studio Challenge,Independent Studio Challenge,,Progress SoW · Arts Aut 1 · 2026–27 · GROW · Week 3,"One session. Your process, your pin, your call. The only rule: every decision gets a line in the log — because today the thinking IS the artwork."
Art_Teesside/Grow/GROW_ART_W4_Arts_Event_Attend_Capture_and_Review.html,"GROW Art W4 · Arts Event: Attend, Capture and Review","Arts Event: Attend, Capture and Review",,Progress SoW · Arts Aut 1 · 2026–27 · GROW · Week 4,"Makers forget how art arrives. This week's event — gallery, gig, mural walk or screening — flips you to the receiving end. What will you notice that a non-artis"
Art_Teesside/Grow/GROW_ART_W5_Practitioner_Career_and_Inspiration.html,"GROW Art W5 · Practitioner, Career and Inspiration","Practitioner, Career and Inspiration",,Progress SoW · Arts Aut 1 · 2026–27 · GROW · Week 5,Every practitioner you rate was once sixteen with a sketchbook and no plan. The useful question isn't 'what did they make' — it's 'what did they do NEXT'.
Art_Teesside/Grow/GROW_ART_W6_Plan_and_Rehearse_the_Skill_Share.html,GROW Art W6 · Plan and Rehearse the Skill Share,Plan and Rehearse the Skill Share,,Progress SoW · Arts Aut 1 · 2026–27 · GROW · Week 6,"Someone once taught you something that stuck — a skill your hands still know. Whatever they did, that's the toolkit. Today you build YOUR version of it."
Art_Teesside/Grow/GROW_ART_W7_Deliver_the_Skill_Share_and_Curate.html,GROW Art W7 · Deliver the Skill Share and Curate,Deliver the Skill Share and Curate,,Progress SoW · Arts Aut 1 · 2026–27 · GROW · Week 7,"Someone is about to know something because YOU planned how to hand it over. Chunks ready, cues scripted, rescue lines calm. Deliver."
Art_Teesside/Grow/GROW_ART_W8_Reflect_Audit_and_Close_the_Loop.html,"GROW Art W8 · Reflect, Audit and Close the Loop","Reflect, Audit and Close the Loop",,Progress SoW · Arts Aut 1 · 2026–27 · GROW · Week 8,"Map, control sheet, log, review, study, plan, delivery photos, receipts. Lay the term flat on the table — Bronze is already there; today we prove it."
Art_Teesside/Launch/LAUNCH_ART_W1_Frame_the_Local_Challenge.html,LAUNCH Art W1 · Frame the Local Challenge,Frame the Local Challenge,,Progress SoW · Arts Aut 1 · 2026–27 · LAUNCH · Week 1,"Silver starts by choosing a mountain: too small and the climb proves nothing, too big and you never summit in four weeks. What's YOUR right-sized mountain?"
Art_Teesside/Launch/LAUNCH_ART_W2_Practice_Careers_and_Pathways.html,"LAUNCH Art W2 · Practice, Careers and Pathways","Practice, Careers and Pathways",,Progress SoW · Arts Aut 1 · 2026–27 · LAUNCH · Week 2,"Between an artwork and its audience stands an ecosystem: curators, technicians, printers, funders, teachers. Your challenge sits inside it — who in it could you"
Art_Teesside/Launch/LAUNCH_ART_W3_Implement_and_Critically_Develop.html,LAUNCH Art W3 · Implement and Critically Develop,Implement and Critically Develop,,Progress SoW · Arts Aut 1 · 2026–27 · LAUNCH · Week 3,The first version's job is to exist. The second's job is to be BETTER FOR A REASON. Today both happen — and the log catches the reason.
Art_Teesside/Launch/LAUNCH_ART_W4_Arts_Experience_Attend_Analyse_and_Share.html,"LAUNCH Art W4 · Arts Experience: Attend, Analyse and Share","Arts Experience: Attend, Analyse and Share",,Progress SoW · Arts Aut 1 · 2026–27 · LAUNCH · Week 4,"Today's experience will be analysed, not just reviewed. First: write ONE assumption you're carrying in. The experience gets one job — to survive or shatter it."
Art_Teesside/Launch/LAUNCH_ART_W5_Design_the_Leadership_Project.html,LAUNCH Art W5 · Design the Leadership Project,Design the Leadership Project,,Progress SoW · Arts Aut 1 · 2026–27 · LAUNCH · Week 5,"Bronze: you taught ONE learner ONE skill. Silver: you lead a PROJECT — people, parts, schedule, audience. Same nerve, bigger machine. What need will YOUR machin"
Art_Teesside/Launch/LAUNCH_ART_W6_Pilot_Lead_and_Adapt.html,"LAUNCH Art W6 · Pilot, Lead and Adapt","Pilot, Lead and Adapt",,Progress SoW · Arts Aut 1 · 2026–27 · LAUNCH · Week 6,"Today your project runs small — real crew, real stations, friendly guinea pigs. The pilot's job is to BITE: every problem it finds today is one Week 7 won't."
Art_Teesside/Launch/LAUNCH_ART_W7_Deliver_and_Curate_the_Arts_Project.html,LAUNCH Art W7 · Deliver and Curate the Arts Project,Deliver and Curate the Arts Project,,Progress SoW · Arts Aut 1 · 2026–27 · LAUNCH · Week 7,"The need was real, the plan was piloted, the crew is briefed. Today the machine runs for its real audience — and you lead it like the room borrowed your calm."
Art_Teesside/Launch/LAUNCH_ART_W8_Review_Influence_and_Portfolio_Audit.html,"LAUNCH Art W8 · Review, Influence and Portfolio Audit","Review, Influence and Portfolio Audit",,Progress SoW · Arts Aut 1 · 2026–27 · LAUNCH · Week 8,Week 5 set the aim in numbers. Week 7 banked the receipts. Today the review reads them without flinching — and the whole Silver portfolio closes behind it.
BUILD_ASDAN/Careers/CAREERS_W1_My_Strengths.html,BUILD ASDAN · Careers & Work slot W1 · My Strengths,My Strengths,,Progress SoW · BUILD ASDAN Aut 1 · 2026–27 · Careers & Work slot · Week 1,What are we building today — and where does the evidence go?
BUILD_ASDAN/Careers/CAREERS_W2_Jobs_in_My_Community.html,BUILD ASDAN · Careers & Work slot W2 · Jobs in My Community,Jobs in My Community,,Progress SoW · BUILD ASDAN Aut 1 · 2026–27 · Careers & Work slot · Week 2,What are we building today — and where does the evidence go?
BUILD_ASDAN/Careers/CAREERS_W3_Skills_Employers_Want.html,BUILD ASDAN · Careers & Work slot W3 · Skills Employers Want,Skills Employers Want,,Progress SoW · BUILD ASDAN Aut 1 · 2026–27 · Careers & Work slot · Week 3,What are we building today — and where does the evidence go?
BUILD_ASDAN/Careers/CAREERS_W4_Routines_and_Reliability.html,BUILD ASDAN · Careers & Work slot W4 · Routines &amp; Reliability,Routines &amp; Reliability,,Progress SoW · BUILD ASDAN Aut 1 · 2026–27 · Careers & Work slot · Week 4,What are we building today — and where does the evidence go?
BUILD_ASDAN/Careers/CAREERS_W5_Applying_Myself.html,BUILD ASDAN · Careers & Work slot W5 · Applying Myself,Applying Myself,,Progress SoW · BUILD ASDAN Aut 1 · 2026–27 · Careers & Work slot · Week 5,What are we building today — and where does the evidence go?
BUILD_ASDAN/Careers/CAREERS_W6_My_Career_Profile.html,BUILD ASDAN · Careers & Work slot W7 · My Career Profile,My Career Profile,,Progress SoW · BUILD ASDAN Aut 1 · 2026–27 · Careers & Work slot · Week 7,What are we building today — and where does the evidence go?
BUILD_ASDAN/Careers/CAREERS_W7_After_Year_11.html,BUILD ASDAN · Careers & Work slot W6 · What Happens After Year 11,What Happens After Year 11,,Progress SoW · BUILD ASDAN Aut 1 · 2026–27 · Careers & Work slot · Week 6,What are we building today — and where does the evidence go?
BUILD_ASDAN/Community_Project/COMM_W1_Choose_Our_Asset.html,BUILD ASDAN · Community evidence W1 · Choose Our Asset,Choose Our Asset,,Progress SoW · BUILD ASDAN Aut 1 · 2026–27 · Community evidence · Week 1,What are we building today — and where does the evidence go?
BUILD_ASDAN/Community_Project/COMM_W2_The_Site's_Need.html,BUILD ASDAN · Community evidence W2 · The Site's Need,The Site's Need,,Progress SoW · BUILD ASDAN Aut 1 · 2026–27 · Community evidence · Week 2,What are we building today — and where does the evidence go?
BUILD_ASDAN/Community_Project/COMM_W3_Our_Team_Roles.html,BUILD ASDAN · Community evidence W3 · Our Team Roles,Our Team Roles,,Progress SoW · BUILD ASDAN Aut 1 · 2026–27 · Community evidence · Week 3,What are we building today — and where does the evidence go?
BUILD_ASDAN/Community_Project/COMM_W4_Partner_Update.html,BUILD ASDAN · Community evidence W4 · Partner Update,Partner Update,,Progress SoW · BUILD ASDAN Aut 1 · 2026–27 · Community evidence · Week 4,What are we building today — and where does the evidence go?
BUILD_ASDAN/Community_Project/COMM_W5_Plan_the_Handover.html,BUILD ASDAN · Community evidence W5 · Plan the Handover,Plan the Handover,,Progress SoW · BUILD ASDAN Aut 1 · 2026–27 · Community evidence · Week 5,What are we building today — and where does the evidence go?
BUILD_ASDAN/Community_Project/COMM_W6_The_Handover_and_Its_Benefit.html,BUILD ASDAN · Community evidence W6 · The Handover &amp; Its Benefit,The Handover &amp; Its Benefit,,Progress SoW · BUILD ASDAN Aut 1 · 2026–27 · Community evidence · Week 6,What are we building today — and where does the evidence go?
BUILD_ASDAN/Duke_and_Enterprise/DUKE_W1_Choose_My_Challenges.html,BUILD ASDAN · Personal Challenge W1 · Choose My Challenges,Choose My Challenges,,Progress SoW · BUILD ASDAN Aut 1 · 2026–27 · Personal Challenge · Week 1,What are we building today — and where does the evidence go?
BUILD_ASDAN/Duke_and_Enterprise/DUKE_W2_A_Kindness_Challenge.html,BUILD ASDAN · Personal Challenge W2 · A Kindness Challenge,A Kindness Challenge,,Progress SoW · BUILD ASDAN Aut 1 · 2026–27 · Personal Challenge · Week 2,What are we building today — and where does the evidence go?
BUILD_ASDAN/Duke_and_Enterprise/DUKE_W3_An_Eco_Challenge.html,BUILD ASDAN · Personal Challenge W3 · An Eco Challenge,An Eco Challenge,,Progress SoW · BUILD ASDAN Aut 1 · 2026–27 · Personal Challenge · Week 3,What are we building today — and where does the evidence go?
BUILD_ASDAN/Duke_and_Enterprise/DUKE_W4_An_Independence_Challenge.html,BUILD ASDAN · Personal Challenge W4 · An Independence Challenge,An Independence Challenge,,Progress SoW · BUILD ASDAN Aut 1 · 2026–27 · Personal Challenge · Week 4,What are we building today — and where does the evidence go?
BUILD_ASDAN/Duke_and_Enterprise/DUKE_W5_Our_Social_Enterprise.html,BUILD ASDAN · Personal Challenge W5 · Our Social Enterprise,Our Social Enterprise,,Progress SoW · BUILD ASDAN Aut 1 · 2026–27 · Personal Challenge · Week 5,What are we building today — and where does the evidence go?
BUILD_ASDAN/Duke_and_Enterprise/DUKE_W6_Pitch_and_Reflect.html,BUILD ASDAN · Personal Challenge W6 · Pitch &amp; Reflect,Pitch &amp; Reflect,,Progress SoW · BUILD ASDAN Aut 1 · 2026–27 · Personal Challenge · Week 6,What are we building today — and where does the evidence go?
BUILD_ASDAN/FoodWise/FW_W1_Food_Groups.html,BUILD ASDAN · FoodWise M1 W1 · Food Groups,Food Groups,,Progress SoW · BUILD ASDAN Aut 1 · 2026–27 · FoodWise M1 · Week 1,What are we building today — and where does the evidence go?
BUILD_ASDAN/FoodWise/FW_W2_A_Balanced_Plate.html,BUILD ASDAN · FoodWise M1 W2 · A Balanced Plate,A Balanced Plate,,Progress SoW · BUILD ASDAN Aut 1 · 2026–27 · FoodWise M1 · Week 2,What are we building today — and where does the evidence go?
BUILD_ASDAN/FoodWise/FW_W3_Reading_Labels.html,BUILD ASDAN · FoodWise M1 W3 · Reading Labels,Reading Labels,,Progress SoW · BUILD ASDAN Aut 1 · 2026–27 · FoodWise M1 · Week 3,What are we building today — and where does the evidence go?
BUILD_ASDAN/FoodWise/FW_W4_Kitchen_Hygiene_and_Safety.html,BUILD ASDAN · FoodWise M1 W4 · Kitchen Hygiene &amp; Safety,Kitchen Hygiene &amp; Safety,,Progress SoW · BUILD ASDAN Aut 1 · 2026–27 · FoodWise M1 · Week 4,What are we building today — and where does the evidence go?
BUILD_ASDAN/FoodWise/FW_W5_Prepare_a_Healthy_Snack.html,BUILD ASDAN · FoodWise M1 W5 · Prepare a Healthy Snack,Prepare a Healthy Snack,,Progress SoW · BUILD ASDAN Aut 1 · 2026–27 · FoodWise M1 · Week 5,What are we building today — and where does the evidence go?
BUILD_ASDAN/FoodWise/FW_W6_Plan_a_Healthy_Meal.html,BUILD ASDAN · FoodWise M1 W6 · Plan a Healthy Meal,Plan a Healthy Meal,,Progress SoW · BUILD ASDAN Aut 1 · 2026–27 · FoodWise M1 · Week 6,What are we building today — and where does the evidence go?
BUILD_ASDAN/Living_Independently/LI_W1_Where_Money_Comes_From.html,BUILD ASDAN · Living Independently M1 W1 · Where Money Comes From,Where Money Comes From,,Progress SoW · BUILD ASDAN Aut 1 · 2026–27 · Living Independently M1 · Week 1,What are we building today — and where does the evidence go?
BUILD_ASDAN/Living_Independently/LI_W2_Notes_and_Coins.html,BUILD ASDAN · Living Independently M1 W2 · Notes &amp; Coins,Notes &amp; Coins,,Progress SoW · BUILD ASDAN Aut 1 · 2026–27 · Living Independently M1 · Week 2,What are we building today — and where does the evidence go?
BUILD_ASDAN/Living_Independently/LI_W3_Needs_vs_Wants.html,BUILD ASDAN · Living Independently M1 W3 · Needs vs Wants,Needs vs Wants,,Progress SoW · BUILD ASDAN Aut 1 · 2026–27 · Living Independently M1 · Week 3,What are we building today — and where does the evidence go?
BUILD_ASDAN/Living_Independently/LI_W4_Everyday_Prices.html,BUILD ASDAN · Living Independently M1 W4 · Everyday Prices,Everyday Prices,,Progress SoW · BUILD ASDAN Aut 1 · 2026–27 · Living Independently M1 · Week 4,What are we building today — and where does the evidence go?
BUILD_ASDAN/Living_Independently/LI_W5_A_Simple_Budget.html,BUILD ASDAN · Living Independently M1 W5 · A Simple Budget,A Simple Budget,,Progress SoW · BUILD ASDAN Aut 1 · 2026–27 · Living Independently M1 · Week 5,What are we building today — and where does the evidence go?
BUILD_ASDAN/Living_Independently/LI_W6_Shopping_and_Change.html,BUILD ASDAN · Living Independently M1 W6 · Shopping &amp; Change,Shopping &amp; Change,,Progress SoW · BUILD ASDAN Aut 1 · 2026–27 · Living Independently M1 · Week 6,What are we building today — and where does the evidence go?
Build/Slideshows/BUILD_DT_W1_Workshop_Audit.html,BUILD D&amp;T · Community Upcycling · W1 The Workshop Audit · Made by Matt,The Workshop Audit,,Progress SoW &#183; BUILD D&amp;T Aut 1 &#183; 2026–27 &#183; Community Upcycling &#183; Week 1,What makes a bench safe — and how do we prove ours is?
Build/Slideshows/BUILD_DT_W2_Blueprint.html,BUILD D&amp;T · Community Upcycling · W2 The Blueprint · Made by Matt,The Blueprint,,Progress SoW &#183; BUILD D&amp;T Aut 1 &#183; 2026–27 &#183; Community Upcycling &#183; Week 2,How do we turn a drawing into marks a saw can follow?
Build/Slideshows/BUILD_DT_W3_Core_Cut.html,BUILD D&amp;T · Community Upcycling · W3 The Core Cut · Made by Matt,The Core Cut,,Progress SoW &#183; BUILD D&amp;T Aut 1 &#183; 2026–27 &#183; Community Upcycling &#183; Week 3,What has to be true before a saw is unlocked — and what keeps a cut straight once it is?
Build/Slideshows/BUILD_DT_W4_Assembly.html,BUILD D&amp;T · Community Upcycling · W4 The Assembly · Made by Matt,The Assembly,,Progress SoW &#183; BUILD D&amp;T Aut 1 &#183; 2026–27 &#183; Community Upcycling &#183; Week 4,What has to happen — and in what order — before a joint will actually hold?
Build/Slideshows/BUILD_DT_W5_Finish.html,BUILD D&amp;T · Community Upcycling · W5 The Finish · Made by Matt,The Finish,,Progress SoW &#183; BUILD D&amp;T Aut 1 &#183; 2026–27 &#183; Community Upcycling &#183; Week 5,When is a thing finished — and how do you know to stop?
Build/Slideshows/BUILD_DT_W6_Handover.html,BUILD D&amp;T · Community Upcycling · W6 The Handover · Made by Matt,The Handover,,Progress SoW &#183; BUILD D&amp;T Aut 1 &#183; 2026–27 &#183; Community Upcycling &#183; Week 6,When is a thing finished — and how do you know to stop?
Build/Slideshows/BUILD_HUM_W1_Human_Timeline.html,BUILD Humanities W1 · The Local History Timeline,The Local History Timeline,,Progress SoW · Humanities Aut 1 · 2026–27 · BUILD · Week 1,Everything around you arrived at a different time. What's the oldest thing in YOUR life — and how do you know?
Build/Slideshows/BUILD_HUM_W2_History_Detectives.html,BUILD Humanities W2 · History Detectives,History Detectives,,Progress SoW · Humanities Aut 1 · 2026–27 · BUILD · Week 2,A single photo of the Tees in 1910 sits on your desk. It can show you a hundred things — but what can it never TELL you?
Build/Slideshows/BUILD_HUM_W3_Why_People_Came.html,BUILD Humanities W3 · Why People Came,Why People Came,,Progress SoW · Humanities Aut 1 · 2026–27 · BUILD · Week 3,"In 1829 Middlesbrough had about 40 people. By 1901: over 90,000. People CHOSE to come. Why would you?"
Build/Slideshows/BUILD_HUM_W4_People_Who_Shaped_Britain.html,BUILD Humanities W4 · People Who Shaped Britain,People Who Shaped Britain,,Progress SoW · Humanities Aut 1 · 2026–27 · BUILD · Week 4,"Every brick round here was laid by somebody with a name, a family, a story. Who gets remembered — and who does the remembering?"
Build/Slideshows/BUILD_HUM_W5_Big_Deal.html,BUILD Humanities W5 · Big Deal or Small Deal?,Big Deal or Small Deal?,,Progress SoW · Humanities Aut 1 · 2026–27 · BUILD · Week 5,"The blast furnace going cold in 2015: a footnote in a London paper, front page here for weeks. Who decides what's a big deal?"
Build/Slideshows/BUILD_HUM_W6_Plan_The_Story.html,BUILD Humanities W6 · Plan the Story,Plan the Story,How did Middlesbrough grow so fast?,Progress SoW · Humanities Aut 1 · 2026–27 · BUILD · Week 6,"Railway. Ironstone. Migrants. Bridge. Boom. Closure. Same six facts — one storyteller makes a triumph, another a tragedy. What decides?"
Build/Slideshows/BUILD_HUM_W7_Tell_The_Story.html,BUILD Humanities W7 · Tell the Story,Tell the Story,,Progress SoW · Humanities Aut 1 · 2026–27 · BUILD · Week 7,"If you had thirty seconds to tell a stranger why this town exists, what would you keep? The clock is the harshest editor."
Build/Slideshows/BUILD_HUM_W8_Where_In_The_World.html,BUILD Humanities W8 · Where in the World?,Where in the World?,,Progress SoW · Humanities Aut 1 · 2026–27 · BUILD · Week 8,"If every family's journey to Teesside drew a line on the world map, what shape would our town's story make?"
GROW_ASDAN/Community_Project/GCOMM_W1_Our_Patch_Our_Say.html,"GROW ASDAN · PEQ cross-unit project work · plan phase W1 · Our Patch, Our Say","Our Patch, Our Say",,Progress SoW · GROW ASDAN Aut 1 · 2026–27 · PEQ cross-unit project work · plan phase · Week 1,What are we building today — and where does the evidence go?
GROW_ASDAN/Community_Project/GCOMM_W2_Choose_The_Need.html,GROW ASDAN · PEQ cross-unit project work · plan phase W2 · Choose the Need,Choose the Need,,Progress SoW · GROW ASDAN Aut 1 · 2026–27 · PEQ cross-unit project work · plan phase · Week 2,What are we building today — and where does the evidence go?
GROW_ASDAN/Community_Project/GCOMM_W3_Roles_Steps_Resources.html,"GROW ASDAN · PEQ cross-unit project work · plan phase W3 · Roles, Steps, Resources","Roles, Steps, Resources",,Progress SoW · GROW ASDAN Aut 1 · 2026–27 · PEQ cross-unit project work · plan phase · Week 3,What are we building today — and where does the evidence go?
GROW_ASDAN/Community_Project/GCOMM_W4_First_Contact.html,GROW ASDAN · PEQ cross-unit project work · plan phase W4 · First Contact,First Contact,,Progress SoW · GROW ASDAN Aut 1 · 2026–27 · PEQ cross-unit project work · plan phase · Week 4,What are we building today — and where does the evidence go?
GROW_ASDAN/Community_Project/GCOMM_W5_Risk_And_Ready.html,GROW ASDAN · PEQ cross-unit project work · plan phase W5 · Risk &amp; Ready,Risk &amp; Ready,,Progress SoW · GROW ASDAN Aut 1 · 2026–27 · PEQ cross-unit project work · plan phase · Week 5,What are we building today — and where does the evidence go?
GROW_ASDAN/Community_Project/GCOMM_W6_Green_Light.html,GROW ASDAN · PEQ cross-unit project work · plan phase W6 · Green Light,Green Light,,Progress SoW · GROW ASDAN Aut 1 · 2026–27 · PEQ cross-unit project work · plan phase · Week 6,What are we building today — and where does the evidence go?
GROW_ASDAN/Enterprise/ENT_W1_Helps_And_Earns.html,GROW ASDAN · AQA UAS enterprise · PEQ core skills W1 · Helps and Earns,Helps and Earns,,Progress SoW · GROW ASDAN Aut 1 · 2026–27 · AQA UAS enterprise · PEQ core skills · Week 1,What are we building today — and where does the evidence go?
GROW_ASDAN/Enterprise/ENT_W2_Spot_The_Gap.html,GROW ASDAN · AQA UAS enterprise · PEQ core skills W2 · Spot the Gap,Spot the Gap,,Progress SoW · GROW ASDAN Aut 1 · 2026–27 · AQA UAS enterprise · PEQ core skills · Week 2,What are we building today — and where does the evidence go?
GROW_ASDAN/Enterprise/ENT_W3_Our_Idea_Our_Users.html,"GROW ASDAN · AQA UAS enterprise · PEQ core skills W3 · Our Idea, Our Users","Our Idea, Our Users",,Progress SoW · GROW ASDAN Aut 1 · 2026–27 · AQA UAS enterprise · PEQ core skills · Week 3,What are we building today — and where does the evidence go?
GROW_ASDAN/Enterprise/ENT_W4_Money_In_Money_Out.html,"GROW ASDAN · AQA UAS enterprise · PEQ core skills W4 · Money In, Money Out","Money In, Money Out",,Progress SoW · GROW ASDAN Aut 1 · 2026–27 · AQA UAS enterprise · PEQ core skills · Week 4,What are we building today — and where does the evidence go?
GROW_ASDAN/Enterprise/ENT_W5_Brand_And_Pitch.html,GROW ASDAN · AQA UAS enterprise · PEQ core skills W5 · Brand and Pitch,Brand and Pitch,,Progress SoW · GROW ASDAN Aut 1 · 2026–27 · AQA UAS enterprise · PEQ core skills · Week 5,What are we building today — and where does the evidence go?
GROW_ASDAN/Enterprise/ENT_W6_Pitch_Day.html,GROW ASDAN · AQA UAS enterprise · PEQ core skills W6 · Pitch Day,Pitch Day,,Progress SoW · GROW ASDAN Aut 1 · 2026–27 · AQA UAS enterprise · PEQ core skills · Week 6,What are we building today — and where does the evidence go?
GROW_ASDAN/PEQ/PEQ_W1_Knowing_Myself.html,GROW ASDAN · PEQ Level 1 (E3 floor · L2 stretch) W1 · Knowing Myself,Knowing Myself,,Progress SoW · GROW ASDAN Aut 1 · 2026–27 · PEQ Level 1 (E3 floor · L2 stretch) · Week 1,What are we building today — and where does the evidence go?
GROW_ASDAN/PEQ/PEQ_W2_Goals_That_Work.html,GROW ASDAN · PEQ Level 1 (E3 floor · L2 stretch) W2 · Goals That Work,Goals That Work,,Progress SoW · GROW ASDAN Aut 1 · 2026–27 · PEQ Level 1 (E3 floor · L2 stretch) · Week 2,What are we building today — and where does the evidence go?
GROW_ASDAN/PEQ/PEQ_W3_Working_With_Others.html,GROW ASDAN · PEQ Level 1 (E3 floor · L2 stretch) W3 · Working With Others,Working With Others,,Progress SoW · GROW ASDAN Aut 1 · 2026–27 · PEQ Level 1 (E3 floor · L2 stretch) · Week 3,What are we building today — and where does the evidence go?
GROW_ASDAN/PEQ/PEQ_W4_Managing_Myself.html,GROW ASDAN · PEQ Level 1 (E3 floor · L2 stretch) W4 · Managing Myself,Managing Myself,,Progress SoW · GROW ASDAN Aut 1 · 2026–27 · PEQ Level 1 (E3 floor · L2 stretch) · Week 4,What are we building today — and where does the evidence go?
GROW_ASDAN/PEQ/PEQ_W5_Solving_Problems.html,GROW ASDAN · PEQ Level 1 (E3 floor · L2 stretch) W5 · Solving Problems,Solving Problems,,Progress SoW · GROW ASDAN Aut 1 · 2026–27 · PEQ Level 1 (E3 floor · L2 stretch) · Week 5,What are we building today — and where does the evidence go?
GROW_ASDAN/PEQ/PEQ_W6_Present_My_Progress.html,GROW ASDAN · PEQ Level 1 (E3 floor · L2 stretch) W6 · Present My Progress,Present My Progress,,Progress SoW · GROW ASDAN Aut 1 · 2026–27 · PEQ Level 1 (E3 floor · L2 stretch) · Week 6,What are we building today — and where does the evidence go?
Grow/Slideshows/GROW_HUM_W1_Time_Detectives.html,GROW Humanities W1 · Time Detectives,Time Detectives,,Progress SoW · Humanities Aut 1 · 2026–27 · GROW · Week 1,Someone claims: 'Middlesbrough sprang up overnight.' The dates themselves can prove them wrong. How?
Grow/Slideshows/GROW_HUM_W2_Source_Detectives.html,GROW Humanities W2 · Source Detectives,Source Detectives,,Progress SoW · Humanities Aut 1 · 2026–27 · GROW · Week 2,"A postcard, a health inspector's report and a resident's letter all describe the same 1890s street. They barely agree. Who's lying? Maybe nobody."
Grow/Slideshows/GROW_HUM_W3_Cause_And_Consequence.html,GROW Humanities W3 · Cause and Consequence,Cause and Consequence,,Progress SoW · Humanities Aut 1 · 2026–27 · GROW · Week 3,"A Welsh ironworker buys a one-way ticket to Middlesbrough in 1860. In his pocket: a wage slip, a rent demand, and his cousin's letter. Which one made him go?"
Grow/Slideshows/GROW_HUM_W4_People_Who_Shaped_Britain.html,GROW Humanities W4 · People Who Shaped Britain,People Who Shaped Britain,,Progress SoW · Humanities Aut 1 · 2026–27 · GROW · Week 4,Vaughan's statue says he 'discovered' the Eston ironstone. The mine records name John Marley and a crew of miners. Who shaped Britain here?
Grow/Slideshows/GROW_HUM_W5_Significance.html,GROW Humanities W5 · How Big a Deal?,How Big a Deal?,,Progress SoW · Humanities Aut 1 · 2026–27 · GROW · Week 5,'The 2015 closure was the most significant event in Teesside's history.' Half the room can defend it; half can demolish it. Both halves can be right — if they n
Grow/Slideshows/GROW_HUM_W6_Plan_The_Account.html,GROW Humanities W6 · Plan the Account,Plan the Account,,Progress SoW · Humanities Aut 1 · 2026–27 · GROW · Week 6,"Next week you write alone, under assessed conditions. This week you get the architect's privilege: every wall of that account gets planned NOW, while help is st"
Grow/Slideshows/GROW_HUM_W7_Write_The_Account.html,GROW Humanities W7 · Write the Account,Write the Account,,Progress SoW · Humanities Aut 1 · 2026–27 · GROW · Week 7,"No new ideas today — today is delivery. Two silent minutes with your blueprint: thesis, three rows, counter, close. Then we write."
Grow/Slideshows/GROW_HUM_W8_Where_In_The_World.html,GROW Humanities W8 · Where in the World?,Where in the World?,,Progress SoW · Humanities Aut 1 · 2026–27 · GROW · Week 8,Your assessed account argued that people made this town. Today the atlas asks its awkward question: HOW FAR did they actually come — and does distance change th
LAUNCH_ASDAN/Careers/CAREERS_W1_Know_Myself_for_Work.html,LAUNCH ASDAN · Careers &amp; Experiencing Work · Employability W1 · Know Myself for Work,Know Myself for Work,,Progress SoW · LAUNCH ASDAN Aut 1 · 2026–27 · Careers &amp; Experiencing Work · Employability · Week 1,What do I bring to work — and how do I prove it?
LAUNCH_ASDAN/Careers/CAREERS_W2_The_World_of_Work_and_Its_Sectors.html,LAUNCH ASDAN · Careers &amp; Experiencing Work · Employability W2 · The World of Work and Its Sectors,The World of Work and Its Sectors,,Progress SoW · LAUNCH ASDAN Aut 1 · 2026–27 · Careers &amp; Experiencing Work · Employability · Week 2,What kinds of work are out there — and which pull me in?
LAUNCH_ASDAN/Careers/CAREERS_W3_Labour-Market_Information_and_Pathways.html,LAUNCH ASDAN · Careers &amp; Experiencing Work · Employability W3 · Labour-Market Information and Pathways,Labour-Market Information and Pathways,,Progress SoW · LAUNCH ASDAN Aut 1 · 2026–27 · Careers &amp; Experiencing Work · Employability · Week 3,Where are the local jobs — and how do people move up?
LAUNCH_ASDAN/Careers/CAREERS_W4_Meeting_an_Employer.html,LAUNCH ASDAN · Careers &amp; Experiencing Work · Employability W4 · Meeting an Employer,Meeting an Employer,,Progress SoW · LAUNCH ASDAN Aut 1 · 2026–27 · Careers &amp; Experiencing Work · Employability · Week 4,How do I meet an employer well — and learn from it?
LAUNCH_ASDAN/Careers/CAREERS_W5_Matching_My_Profile_to_Opportunities.html,LAUNCH ASDAN · Careers &amp; Experiencing Work · Employability W5 · Matching My Profile to Opportunities,Matching My Profile to Opportunities,,Progress SoW · LAUNCH ASDAN Aut 1 · 2026–27 · Careers &amp; Experiencing Work · Employability · Week 5,Which opportunity fits me — and what do I still need?
LAUNCH_ASDAN/Careers/CAREERS_W6_Setting_SMART_Careers_Targets.html,LAUNCH ASDAN · Careers &amp; Experiencing Work · Employability W6 · Setting SMART Careers Targets,Setting SMART Careers Targets,,Progress SoW · LAUNCH ASDAN Aut 1 · 2026–27 · Careers &amp; Experiencing Work · Employability · Week 6,What is my careers target — and how will I check I am on track?
LAUNCH_ASDAN/Community_Enterprise/COMM_W1_Identify_a_Community_Need.html,LAUNCH ASDAN · Community Project &amp; Enterprise W1 · Identify a Community Need,Identify a Community Need,,Progress SoW · LAUNCH ASDAN Aut 1 · 2026–27 · Community Project &amp; Enterprise · Week 1,What does my community really need — and how do I know?
LAUNCH_ASDAN/Community_Enterprise/COMM_W2_Plan_a_Social-Action_or_Enterprise_Project.html,LAUNCH ASDAN · Community Project &amp; Enterprise W2 · Plan a Social-Action or Enterprise Project,Plan a Social-Action or Enterprise Project,,Progress SoW · LAUNCH ASDAN Aut 1 · 2026–27 · Community Project &amp; Enterprise · Week 2,How do we turn our need into a project — with a clear aim and steps?
LAUNCH_ASDAN/Community_Enterprise/COMM_W3_Agree_Roles_Aims_and_Timeline.html,LAUNCH ASDAN · Community Project &amp; Enterprise W3 · Agree Roles Aims and Timeline,Agree Roles Aims and Timeline,,Progress SoW · LAUNCH ASDAN Aut 1 · 2026–27 · Community Project &amp; Enterprise · Week 3,"Who does what, by when — and what is our shared aim?"
LAUNCH_ASDAN/Community_Enterprise/COMM_W4_Partner_with_a_Local_Group_or_Charity.html,LAUNCH ASDAN · Community Project &amp; Enterprise W4 · Partner with a Local Group or Charity,Partner with a Local Group or Charity,,Progress SoW · LAUNCH ASDAN Aut 1 · 2026–27 · Community Project &amp; Enterprise · Week 4,Who could partner with us — and how do we approach them well?
LAUNCH_ASDAN/Community_Enterprise/COMM_W5_Begin_Delivering_the_Project.html,LAUNCH ASDAN · Community Project &amp; Enterprise W5 · Begin Delivering the Project,Begin Delivering the Project,,Progress SoW · LAUNCH ASDAN Aut 1 · 2026–27 · Community Project &amp; Enterprise · Week 5,"How do we begin delivering — safely, to plan, and on the record?"
LAUNCH_ASDAN/Community_Enterprise/COMM_W6_Promote_Our_Project.html,LAUNCH ASDAN · Community Project &amp; Enterprise W6 · Promote Our Project,Promote Our Project,,Progress SoW · LAUNCH ASDAN Aut 1 · 2026–27 · Community Project &amp; Enterprise · Week 6,How do we share our project’s impact — clearly and to the right people?
LAUNCH_ASDAN/Living_Independently/LI_W1_Self-Care_Routines_and_Organisation.html,LAUNCH ASDAN · Living Independently W1 · Self-Care Routines and Organisation,Self-Care Routines and Organisation,,Progress SoW · LAUNCH ASDAN Aut 1 · 2026–27 · Living Independently · Week 1,What does a good routine look like — and how do I stay organised?
LAUNCH_ASDAN/Living_Independently/LI_W2_Home_Safety_and_Hazard_Awareness.html,LAUNCH ASDAN · Living Independently W2 · Home Safety and Hazard Awareness,Home Safety and Hazard Awareness,,Progress SoW · LAUNCH ASDAN Aut 1 · 2026–27 · Living Independently · Week 2,What are the home hazards — and how do I reduce them safely?
LAUNCH_ASDAN/Living_Independently/LI_W3_Laundry_and_Household_Maintenance.html,LAUNCH ASDAN · Living Independently W3 · Laundry and Household Maintenance,Laundry and Household Maintenance,,Progress SoW · LAUNCH ASDAN Aut 1 · 2026–27 · Living Independently · Week 3,How do I wash safely — and keep things working?
LAUNCH_ASDAN/Living_Independently/LI_W4_Keeping_a_Clean_Safe_Living_Space.html,LAUNCH ASDAN · Living Independently W4 · Keeping a Clean Safe Living Space,Keeping a Clean Safe Living Space,,Progress SoW · LAUNCH ASDAN Aut 1 · 2026–27 · Living Independently · Week 4,"How do I keep a space clean, safe and healthy?"
LAUNCH_ASDAN/Living_Independently/LI_W5_Personal_Admin_and_Responsibilities.html,LAUNCH ASDAN · Living Independently W5 · Personal Admin and Responsibilities,Personal Admin and Responsibilities,,Progress SoW · LAUNCH ASDAN Aut 1 · 2026–27 · Living Independently · Week 5,What do I keep track of — and how do I keep it safe?
LAUNCH_ASDAN/Living_Independently/LI_W6_Plan_and_Shop_for_a_Balanced_Meal.html,LAUNCH ASDAN · Living Independently W6 · Plan and Shop for a Balanced Meal,Plan and Shop for a Balanced Meal,,Progress SoW · LAUNCH ASDAN Aut 1 · 2026–27 · Living Independently · Week 6,How do I plan a balanced meal — and shop for it on a practice budget?
LAUNCH_ASDAN/PEQ/PEQ_W1_Intro_and_Choosing_My_Level.html,LAUNCH ASDAN · PEQ Level 1 (E3 floor · L2 stretch) W1 · Intro and Choosing My Level,Intro and Choosing My Level,,Progress SoW · LAUNCH ASDAN Aut 1 · 2026–27 · PEQ Level 1 (E3 floor · L2 stretch) · Week 1,What are the six PEQ skills — and where does my evidence go?
LAUNCH_ASDAN/PEQ/PEQ_W2_What_Makes_Communication_Effective.html,LAUNCH ASDAN · PEQ Level 1 (E3 floor · L2 stretch) W2 · What Makes Communication Effective,What Makes Communication Effective,,Progress SoW · LAUNCH ASDAN Aut 1 · 2026–27 · PEQ Level 1 (E3 floor · L2 stretch) · Week 2,What makes a message land — and how do we prove we can do it?
LAUNCH_ASDAN/PEQ/PEQ_W3_Active_Listening_and_Giving_Feedback.html,LAUNCH ASDAN · PEQ Level 1 (E3 floor · L2 stretch) W3 · Active Listening and Giving Feedback,Active Listening and Giving Feedback,,Progress SoW · LAUNCH ASDAN Aut 1 · 2026–27 · PEQ Level 1 (E3 floor · L2 stretch) · Week 3,How do we show we are listening — and give feedback that helps?
LAUNCH_ASDAN/PEQ/PEQ_W4_Plan_a_Communication_Activity.html,LAUNCH ASDAN · PEQ Level 1 (E3 floor · L2 stretch) W4 · Plan a Communication Activity,Plan a Communication Activity,,Progress SoW · LAUNCH ASDAN Aut 1 · 2026–27 · PEQ Level 1 (E3 floor · L2 stretch) · Week 4,What is my communication activity — and how will I prove it worked?
LAUNCH_ASDAN/PEQ/PEQ_W5_Deliver_the_Activity_and_Gather_Evidence.html,LAUNCH ASDAN · PEQ Level 1 (E3 floor · L2 stretch) W5 · Deliver the Activity and Gather Evidence,Deliver the Activity and Gather Evidence,,Progress SoW · LAUNCH ASDAN Aut 1 · 2026–27 · PEQ Level 1 (E3 floor · L2 stretch) · Week 5,How do I deliver my activity — and capture proof that meets the standard?
LAUNCH_ASDAN/PEQ/PEQ_W6_Review_Progress_and_Sign_Off_the_Unit.html,LAUNCH ASDAN · PEQ Level 1 (E3 floor · L2 stretch) W6 · Review Progress and Sign Off the Unit,Review Progress and Sign Off the Unit,,Progress SoW · LAUNCH ASDAN Aut 1 · 2026–27 · PEQ Level 1 (E3 floor · L2 stretch) · Week 6,How did I do — and how do I close the Communication unit?
LAUNCH_ASDAN/Vocational/VOC_W1_Introduction_to_Vocational_Skills_and_Workplaces.html,LAUNCH ASDAN · Vocational Skills (Hospitality &amp; Gardening) W1 · Introduction to Vocational Skills and Workplaces,Introduction to Vocational Skills and Workplaces,,Progress SoW · LAUNCH ASDAN Aut 1 · 2026–27 · Vocational Skills (Hospitality &amp; Gardening) · Week 1,What are vocational skills — and where do I already show them?
LAUNCH_ASDAN/Vocational/VOC_W2_Health_Safety_and_Hygiene_at_Work.html,LAUNCH ASDAN · Vocational Skills (Hospitality &amp; Gardening) W2 · Health Safety and Hygiene at Work,Health Safety and Hygiene at Work,,Progress SoW · LAUNCH ASDAN Aut 1 · 2026–27 · Vocational Skills (Hospitality &amp; Gardening) · Week 2,What keeps a workplace safe and clean — and how do I show it?
LAUNCH_ASDAN/Vocational/VOC_W3_Following_Instructions_and_Routines.html,LAUNCH ASDAN · Vocational Skills (Hospitality &amp; Gardening) W3 · Following Instructions and Routines,Following Instructions and Routines,,Progress SoW · LAUNCH ASDAN Aut 1 · 2026–27 · Vocational Skills (Hospitality &amp; Gardening) · Week 3,How do I follow steps in order — and check I got it right?
LAUNCH_ASDAN/Vocational/VOC_W4_Teamwork_in_a_Vocational_Setting.html,LAUNCH ASDAN · Vocational Skills (Hospitality &amp; Gardening) W4 · Teamwork in a Vocational Setting,Teamwork in a Vocational Setting,,Progress SoW · LAUNCH ASDAN Aut 1 · 2026–27 · Vocational Skills (Hospitality &amp; Gardening) · Week 4,What is my role in a team — and how do I help it work?
LAUNCH_ASDAN/Vocational/VOC_W5_Tools_Equipment_and_Safe_Use.html,LAUNCH ASDAN · Vocational Skills (Hospitality &amp; Gardening) W5 · Tools Equipment and Safe Use,Tools Equipment and Safe Use,,Progress SoW · LAUNCH ASDAN Aut 1 · 2026–27 · Vocational Skills (Hospitality &amp; Gardening) · Week 5,Which tool for the job — and how do I use it safely?
LAUNCH_ASDAN/Vocational/VOC_W6_Complete_a_Supported_Vocational_Task.html,LAUNCH ASDAN · Vocational Skills (Hospitality &amp; Gardening) W6 · Complete a Supported Vocational Task,Complete a Supported Vocational Task,,Progress SoW · LAUNCH ASDAN Aut 1 · 2026–27 · Vocational Skills (Hospitality &amp; Gardening) · Week 6,How do I complete a vocational task well — and review it?
Launch/Slideshows/LAUNCH_HUM_W1_Source_Investigation.html,LAUNCH Humanities W1 · Source Investigation,Source Investigation,,Progress SoW · Humanities Aut 1 · 2026–27 · LAUNCH · Week 1,"Claim: 'Middlesbrough's dock was thriving in the 1900s.' Exhibit A: one photograph, one morning, 1907. How far can one frozen moment carry that claim?"
Launch/Slideshows/LAUNCH_HUM_W2_Cause_Consequence_Courtroom.html,LAUNCH Humanities W2 · Cause and Consequence Courtroom,Cause and Consequence Courtroom,,Progress SoW · Humanities Aut 1 · 2026–27 · LAUNCH · Week 2,"On trial: 'What made Middlesbrough boom?' Three defendants claim the credit — the ore, the rail, the people. Only one can be DECISIVE. Court is now in session."
Launch/Slideshows/LAUNCH_HUM_W3_Archive_NOP.html,"LAUNCH Humanities W3 · Archive: Nature, Origin and Purpose","Archive: Nature, Origin and Purpose",,Progress SoW · Humanities Aut 1 · 2026–27 · LAUNCH · Week 3,"One box, four objects: a works recruitment poster, a landlady's account book, a priest's baptism register, an anonymous complaint letter. Useful — but each for"
Launch/Slideshows/LAUNCH_HUM_W4_Century_Of_Change.html,LAUNCH Humanities W4 · Century of Change,Century of Change,,Progress SoW · Humanities Aut 1 · 2026–27 · LAUNCH · Week 4,"Two photographs, one street corner, a century apart. The works behind it roared in 1915 and stood silent by 2015. What changed, what stubbornly didn't — and was"
Launch/Slideshows/LAUNCH_HUM_W5_People_Modern_Britain.html,LAUNCH Humanities W5 · People and Modern Britain,People and Modern Britain,,Progress SoW · Humanities Aut 1 · 2026–27 · LAUNCH · Week 5,A wartime steel forewoman. A 1960s Windrush-generation nurse. A 1980s union convenor. A 2020s renewable-energy engineer. How far did individuals like these shap
Launch/Slideshows/LAUNCH_HUM_W6_Structured_Account.html,LAUNCH Humanities W6 · Structured Account,Structured Account,,Progress SoW · Humanities Aut 1 · 2026–27 · LAUNCH · Week 6,Read any strong essay and strike out every sentence that doesn't serve its thesis. Little should fall. Do the same to a weak one and watch it collapse into 'stu
Launch/Slideshows/LAUNCH_HUM_W7_Source_Assessment.html,LAUNCH Humanities W7 · Source Assessment,Source Assessment,,Progress SoW · Humanities Aut 1 · 2026–27 · LAUNCH · Week 7,"Two sources, one enquiry, forty-five minutes, your own spine. Everything this term built — spectrum, NOP, discounts, thesis control — reports for duty now. Read"
Launch/Slideshows/LAUNCH_HUM_W8_OS_Map_Skills.html,LAUNCH Humanities W8 · OS Map Skills: Unfamiliar Problem,OS Map Skills: Unfamiliar Problem,,Progress SoW · Humanities Aut 1 · 2026–27 · LAUNCH · Week 8,An OS extract you've never seen. A problem nobody solved for you: 'Where should the new cycle route run?' Everything is on the sheet — if you can read it. Last
