Art_Teesside/Arts_Partnership_Log.html	CODE:357404fedaeea85a	PROSE:7389ec141456ffab
Art_Teesside/Build/Autumn2_Printable_Weekly_Evidence_Pack.html	CODE:75701ea15dc08b90	PROSE:5c3da7db876c02c0
Art_Teesside/Build/Autumn2_Scheme_of_Work.html	CODE:d386aef7b615f6b6	PROSE:0bcc84a8cf56b73d
Art_Teesside/Build/Autumn2_Studio_Session_Run_Sheets.html	CODE:fc70fd14f2a88b7d	PROSE:869f7efb2a342da6
Art_Teesside/Build/BUILD_ART_A2_W1_Surface_Hunt.html	CODE:67f3e0c45dd9e960	PROSE:c1e3d8e53fd2809f
Art_Teesside/Build/BUILD_ART_A2_W2_Arts_Inspiration.html	CODE:3e063eca08db3e2d	PROSE:0b08c6f5ac886bb0
Art_Teesside/Build/BUILD_ART_A2_W3_Stencil_Lab.html	CODE:3a64ccfed85b7473	PROSE:7c123894770b14c0
Art_Teesside/Build/BUILD_ART_A2_W4_Audience_Week.html	CODE:97f69558fd54ed5c	PROSE:c656a116156337d9
Art_Teesside/Build/BUILD_ART_A2_W5_Layer_and_Combine.html	CODE:2f02e0470f24ea8e	PROSE:7e14ef6782f902f6
Art_Teesside/Build/BUILD_ART_A2_W6_Resolve_and_Edition.html	CODE:f24cdbb725a4ab85	PROSE:02307d65c99ce4ab
Art_Teesside/Build/BUILD_ART_A2_W7_Bank_It_and_Plan_the_Teach.html	CODE:0bf6883bd4ebc6e5	PROSE:62e76326b121c726
Art_Teesside/Build/BUILD_ART_W1_The_Local_Canvas.html	CODE:5e3748a0270df10f	PROSE:9c072f1f2e2d7b91
Art_Teesside/Build/BUILD_ART_W2_Artists_Makers_and_Teesside_Connections.html	CODE:04fd13daf578759f	PROSE:e99aafe22d489762
Art_Teesside/Build/BUILD_ART_W3_Industrial_Surface_Skills_Lab.html	CODE:d49c926a05915af9	PROSE:e9ded4d5c1a27a1a
Art_Teesside/Build/BUILD_ART_W4_Build_the_Brief.html	CODE:bde65e985fc40411	PROSE:d1c95f0aecc41a06
Art_Teesside/Build/BUILD_ART_W5_Critique_Test_and_Redirect.html	CODE:97081fb78c853d0c	PROSE:a1f1b051926f470a
Art_Teesside/Build/BUILD_ART_W6_Resolve_the_Artwork.html	CODE:6292cd4c117b216d	PROSE:8b6b0f3b45c50f6f
Art_Teesside/Build/BUILD_ART_W7_Curate_the_Showcase.html	CODE:914a9822363d191b	PROSE:093c98de76cf3bba
Art_Teesside/Build/BUILD_ART_W8_Share_Reflect_and_Close_the_Loop.html	CODE:308dd2d21939e8b7	PROSE:71738c9f688b179c
Art_Teesside/Build/Printable_BUILD_Weekly_Evidence_Pack.html	CODE:884d150d6a47532a	PROSE:06f07347bf963eb5
Art_Teesside/Build/START_HERE.html	CODE:b26de06d47871888	PROSE:3f2257ee9ecbd171
Art_Teesside/Build/Scheme_of_Work.html	CODE:9ba110fc0ae3d732	PROSE:c02b1075e32f14f7
Art_Teesside/Build/Spring1_Printable_Weekly_Evidence_Pack.html	CODE:193522f508c6b236	PROSE:18ac8144aa47298a
Art_Teesside/Build/Spring1_Scheme_of_Work.html	CODE:d386aef7b615f6b6	PROSE:dc71777bbe802ac9
Art_Teesside/Grow/GROW_ART_W1_The_Local_Canvas.html	CODE:2257a455c9b45617	PROSE:03e2f2060e11dd88
Art_Teesside/Grow/GROW_ART_W2_Studio_Skills_and_Safe_Practice.html	CODE:04f3147de94ffa13	PROSE:3819ff6f782070b0
Art_Teesside/Grow/GROW_ART_W3_Independent_Studio_Challenge.html	CODE:081aa2308ef2f81f	PROSE:8f3f9a720eaff5c6
Art_Teesside/Grow/GROW_ART_W4_Arts_Event_Attend_Capture_and_Review.html	CODE:694dfd49b1958f7b	PROSE:9b480a63e5ac8c08
Art_Teesside/Grow/GROW_ART_W5_Practitioner_Career_and_Inspiration.html	CODE:e63d51a4e4240d99	PROSE:ba435c1ada0f3a05
Art_Teesside/Grow/GROW_ART_W6_Plan_and_Rehearse_the_Skill_Share.html	CODE:7a2ea1a96cbb9de6	PROSE:936267d070cfff25
Art_Teesside/Grow/GROW_ART_W7_Deliver_the_Skill_Share_and_Curate.html	CODE:06f427bd301a1fa1	PROSE:d4f8a884c62cf3d1
Art_Teesside/Grow/GROW_ART_W8_Reflect_Audit_and_Close_the_Loop.html	CODE:c91e7c2b2a427e0c	PROSE:49a3a5bf10e2f204
Art_Teesside/Grow/Printable_GROW_Evidence_Lundy_and_LAUNCH_Pack.html	CODE:fb620580a29fb070	PROSE:78bbf8ce65c18f70
Art_Teesside/Grow/START_HERE.html	CODE:8bdb20f166ebc28c	PROSE:ef4e49987c350d69
Art_Teesside/Grow/Scheme_of_Work.html	CODE:eab769f417a0eb01	PROSE:a3eca849497295f7
Art_Teesside/House_Standard_and_Safety.html	CODE:6ab815585c57e97f	PROSE:17ac5775d424361d
Art_Teesside/Launch/LAUNCH_ART_W1_Frame_the_Local_Challenge.html	CODE:26904af030b26ee5	PROSE:1aa29a80268f2738
Art_Teesside/Launch/LAUNCH_ART_W2_Practice_Careers_and_Pathways.html	CODE:19878cd78923f995	PROSE:2e80b627e1c4de8d
Art_Teesside/Launch/LAUNCH_ART_W3_Implement_and_Critically_Develop.html	CODE:532e923fea542e81	PROSE:8a12bab410666d00
Art_Teesside/Launch/LAUNCH_ART_W4_Arts_Experience_Attend_Analyse_and_Share.html	CODE:c0e335cd85a436bf	PROSE:109b2acbc58d420e
Art_Teesside/Launch/LAUNCH_ART_W5_Design_the_Leadership_Project.html	CODE:6392725479c15a16	PROSE:39a681b3891b6427
Art_Teesside/Launch/LAUNCH_ART_W6_Pilot_Lead_and_Adapt.html	CODE:1d91087e6190ae29	PROSE:593165b6a58e80a1
Art_Teesside/Launch/LAUNCH_ART_W7_Deliver_and_Curate_the_Arts_Project.html	CODE:c90a990d76e12b85	PROSE:4de8dfb8729ba41c
Art_Teesside/Launch/LAUNCH_ART_W8_Review_Influence_and_Portfolio_Audit.html	CODE:92f0005f0288ad24	PROSE:b798e950814c3d21
Art_Teesside/Launch/Printable_LAUNCH_Evidence_and_Lundy_Pack.html	CODE:d658a3c16d4fe8e3	PROSE:3ec34c4ad5207cac
Art_Teesside/Launch/START_HERE.html	CODE:7a7a8e34e770f800	PROSE:3b621d6e332cabee
Art_Teesside/Launch/Scheme_of_Work.html	CODE:74f755e65069c590	PROSE:6ed2d8c1da6f77bf
Art_Teesside/Spring2_Printable_Weekly_Evidence_Pack.html	CODE:2ec93a60796a852c	PROSE:be4e0625cb896671
Art_Teesside/Spring2_Scheme_of_Work.html	CODE:204af9a77bd498ae	PROSE:0ee6b17b05f77f05
Art_Teesside/Summer1_Printable_Weekly_Evidence_Pack.html	CODE:40427aad931f759c	PROSE:14e34c628e69ae79
Art_Teesside/Summer1_Scheme_of_Work.html	CODE:204af9a77bd498ae	PROSE:4bcad55632b91daf
Art_Teesside/Summer2_Printable_Weekly_Evidence_Pack.html	CODE:fb8f06918146d41b	PROSE:0fc5fcdc659e14f1
Art_Teesside/Summer2_Scheme_of_Work.html	CODE:204af9a77bd498ae	PROSE:2444fc2b78220258
BUILD_ASDAN/BUILD_ASDAN_Hub.html	CODE:206e25fcd4245c77	PROSE:f47651d4cbf95014
BUILD_ASDAN/Careers/CAREERS_W1_My_Strengths.html	CODE:49654343d3cdb2ed	PROSE:31153d248bd3269f
BUILD_ASDAN/Careers/CAREERS_W2_Jobs_in_My_Community.html	CODE:ebda23705800b9b2	PROSE:12c3ebdaa83a99c1
BUILD_ASDAN/Careers/CAREERS_W3_Skills_Employers_Want.html	CODE:5b982492ab7ba2d6	PROSE:f76ce4738f5a20b1
BUILD_ASDAN/Careers/CAREERS_W4_Routines_and_Reliability.html	CODE:ddec2849174531f3	PROSE:64c203ed4bca3f11
BUILD_ASDAN/Careers/CAREERS_W5_Applying_Myself.html	CODE:0e73a66bb7491a0c	PROSE:572c07065a0a938f
BUILD_ASDAN/Careers/CAREERS_W6_My_Career_Profile.html	CODE:605ca7b8aa1230ce	PROSE:6b828e3ad94e6e27
BUILD_ASDAN/Careers/CAREERS_W7_After_Year_11.html	CODE:637d55009b94962b	PROSE:b9122fb17b7b7f60
BUILD_ASDAN/Careers/START_HERE.html	CODE:3dcb2cf1dc90fab1	PROSE:bcd251dc5c362644
BUILD_ASDAN/Community_Project/COMM_W1_Choose_Our_Asset.html	CODE:cb331fa35aef82b6	PROSE:be5e3831b9ab3c62
BUILD_ASDAN/Community_Project/COMM_W2_The_Site's_Need.html	CODE:739078bfef488528	PROSE:1331578796001987
BUILD_ASDAN/Community_Project/COMM_W3_Our_Team_Roles.html	CODE:c48aaf1a23e1e574	PROSE:7a318172b123a276
BUILD_ASDAN/Community_Project/COMM_W4_Partner_Update.html	CODE:8518fecd2c78e6ce	PROSE:be3d5661b54337c8
BUILD_ASDAN/Community_Project/COMM_W5_Plan_the_Handover.html	CODE:f28d11b1c9308a6d	PROSE:a05300b1c8f182a6
BUILD_ASDAN/Community_Project/COMM_W6_The_Handover_and_Its_Benefit.html	CODE:33fa73b69d6eb85b	PROSE:20d6f43e852e885f
BUILD_ASDAN/Community_Project/START_HERE.html	CODE:2dc19c5e9a42101f	PROSE:f875bea990ad966b
BUILD_ASDAN/Duke_and_Enterprise/DUKE_W1_Choose_My_Challenges.html	CODE:cc872e7c4d669258	PROSE:4701fcd67a4d6a80
BUILD_ASDAN/Duke_and_Enterprise/DUKE_W2_A_Kindness_Challenge.html	CODE:517f559241790a14	PROSE:19cf37e1f36b9e01
BUILD_ASDAN/Duke_and_Enterprise/DUKE_W3_An_Eco_Challenge.html	CODE:8afa6fc6464ad8d1	PROSE:d237e1ca007a3776
BUILD_ASDAN/Duke_and_Enterprise/DUKE_W4_An_Independence_Challenge.html	CODE:a8ffe9b0c098f3ea	PROSE:a6c27828e9ed9f6c
BUILD_ASDAN/Duke_and_Enterprise/DUKE_W5_Our_Social_Enterprise.html	CODE:927378c30e530b55	PROSE:42a42bdedfb5cd8d
BUILD_ASDAN/Duke_and_Enterprise/DUKE_W6_Pitch_and_Reflect.html	CODE:a1ad207fd2b2664c	PROSE:da7f054f09bfbf24
BUILD_ASDAN/Duke_and_Enterprise/START_HERE.html	CODE:09e35ce09bce7aef	PROSE:8e114bbd7bae035b
BUILD_ASDAN/FoodWise/FW_W1_Food_Groups.html	CODE:5efaa9fb8ece04e2	PROSE:68d53cbff55bae2f
BUILD_ASDAN/FoodWise/FW_W2_A_Balanced_Plate.html	CODE:1cf74d516be913f3	PROSE:f9703731bbfb6b12
BUILD_ASDAN/FoodWise/FW_W3_Reading_Labels.html	CODE:987303367632c876	PROSE:303c563fbb04dbb2
BUILD_ASDAN/FoodWise/FW_W4_Kitchen_Hygiene_and_Safety.html	CODE:fac6a654105e980e	PROSE:e7ce734353d44adf
BUILD_ASDAN/FoodWise/FW_W5_Prepare_a_Healthy_Snack.html	CODE:2dd10a7b67e45c76	PROSE:767f85841b283419
BUILD_ASDAN/FoodWise/FW_W6_Plan_a_Healthy_Meal.html	CODE:528a4cb9e0553195	PROSE:7ff10f83aa4cac51
BUILD_ASDAN/FoodWise/START_HERE.html	CODE:e994e140796816f1	PROSE:32b91524f35b4326
BUILD_ASDAN/Living_Independently/LI_W1_Where_Money_Comes_From.html	CODE:31bfb129701f57ff	PROSE:333a49f32a35f6ca
BUILD_ASDAN/Living_Independently/LI_W2_Notes_and_Coins.html	CODE:2f5446962748a785	PROSE:7b0fbd8957b3b251
BUILD_ASDAN/Living_Independently/LI_W3_Needs_vs_Wants.html	CODE:139fa255f2f96941	PROSE:fa5cbc7340f46abe
BUILD_ASDAN/Living_Independently/LI_W4_Everyday_Prices.html	CODE:4ade3205445af09b	PROSE:f963c31c4effa4a8
BUILD_ASDAN/Living_Independently/LI_W5_A_Simple_Budget.html	CODE:628d84ede124c4b1	PROSE:3ae0fdb98bc9719a
BUILD_ASDAN/Living_Independently/LI_W6_Shopping_and_Change.html	CODE:72fc813a1059635e	PROSE:132eb33d7cfabf22
BUILD_ASDAN/Living_Independently/START_HERE.html	CODE:afbe902715fec13c	PROSE:c775b60383022c4f
BUILD_ASDAN/Resources_and_Tools.html	CODE:ea942130a92453d9	PROSE:955c574fdd63b498
BUILD_ASDAN/Scheme_of_Work.html	CODE:5169ef644913dde7	PROSE:ddd1f934612705be
Build/Slideshows/BUILD_ART_W1_Technique_Tasters.html	CODE:e47630a060e4ca0d	PROSE:056591c48bd89702
Build/Slideshows/BUILD_ART_W2_Level_It_Up.html	CODE:56948b42dc1ca4d7	PROSE:526ad0b3f015fbdb
Build/Slideshows/BUILD_ART_W3_Plan_This_Is_Me.html	CODE:8d50f29df30c8c5d	PROSE:fc27d0b32f9979d0
Build/Slideshows/BUILD_ART_W4_Make_It.html	CODE:cf3f755947960021	PROSE:2d50d8c240cc7443
Build/Slideshows/BUILD_ART_W5_Star_And_A_Step.html	CODE:be797faf5e907429	PROSE:f1fe2421324f6b98
Build/Slideshows/BUILD_ART_W6_Meet_An_Artist.html	CODE:bd55ff09de861193	PROSE:6ac326ec52329119
Build/Slideshows/BUILD_ART_W7_Show_And_Tell.html	CODE:e29681ac89a268c4	PROSE:388d5bf2cdbaa292
Build/Slideshows/BUILD_ART_W8_Festival_Sounds.html	CODE:cadfec0eeabd1f53	PROSE:3cf4c0385bf5375d
Build/Slideshows/BUILD_DT_W1_Workshop_Audit.html	CODE:c26a4f6a4b44506d	PROSE:bfd2da46a85f1da1
Build/Slideshows/BUILD_DT_W2_Blueprint.html	CODE:6706771e2742443d	PROSE:95c2cb7865775deb
Build/Slideshows/BUILD_DT_W3_Core_Cut.html	CODE:672bf0a93a6c7a07	PROSE:7424787834a1e2e0
Build/Slideshows/BUILD_DT_W4_Assembly.html	CODE:85afcbbefafe6eb2	PROSE:1e8b4391b2a90116
Build/Slideshows/BUILD_DT_W5_Finish.html	CODE:8c1ffd0783a8759b	PROSE:a52d51ecdb4e79c0
Build/Slideshows/BUILD_DT_W6_Handover.html	CODE:14a6ce15cce7d08d	PROSE:f69961a24f593819
Build/Slideshows/BUILD_HUM_W1_Human_Timeline.html	CODE:8543b5bcb94099d1	PROSE:5b4cd00c55d442d6
Build/Slideshows/BUILD_HUM_W2_History_Detectives.html	CODE:8543b5bcb94099d1	PROSE:ed7c71dc6e41c7b0
Build/Slideshows/BUILD_HUM_W3_Why_People_Came.html	CODE:8543b5bcb94099d1	PROSE:cbbac98ab83100f4
Build/Slideshows/BUILD_HUM_W4_People_Who_Shaped_Britain.html	CODE:8543b5bcb94099d1	PROSE:68606b0fb6dd15b6
Build/Slideshows/BUILD_HUM_W5_Big_Deal.html	CODE:8543b5bcb94099d1	PROSE:b990d72a1a084cf0
Build/Slideshows/BUILD_HUM_W6_Plan_The_Story.html	CODE:8543b5bcb94099d1	PROSE:0cff00835e70fee8
Build/Slideshows/BUILD_HUM_W7_Tell_The_Story.html	CODE:8543b5bcb94099d1	PROSE:5504681f6dc0f43e
Build/Slideshows/BUILD_HUM_W8_Where_In_The_World.html	CODE:8543b5bcb94099d1	PROSE:2f5d55d950464b96
GROW_ASDAN/Community_Project/GCOMM_W1_Our_Patch_Our_Say.html	CODE:13dd289cc8e9c1cb	PROSE:d6ef42201cfc643d
GROW_ASDAN/Community_Project/GCOMM_W2_Choose_The_Need.html	CODE:7a8c21e9a116ae05	PROSE:c8db83a084fc808a
GROW_ASDAN/Community_Project/GCOMM_W3_Roles_Steps_Resources.html	CODE:bf22a885a12a9f26	PROSE:8ef0f4bd10829495
GROW_ASDAN/Community_Project/GCOMM_W4_First_Contact.html	CODE:c8f86dd70d7effc7	PROSE:194b406b7c152c30
GROW_ASDAN/Community_Project/GCOMM_W5_Risk_And_Ready.html	CODE:aaf5d9501558bf9c	PROSE:3a2958e541fda687
GROW_ASDAN/Community_Project/GCOMM_W6_Green_Light.html	CODE:04a3f7d741d1ceaf	PROSE:1d60fd7c0370fa5e
GROW_ASDAN/Community_Project/START_HERE.html	CODE:a56ed60371bfc2d8	PROSE:0e53f666ebdc90d9
GROW_ASDAN/Enterprise/ENT_W1_Helps_And_Earns.html	CODE:4d9db8ba24b305b5	PROSE:ca1bd62f0360fe21
GROW_ASDAN/Enterprise/ENT_W2_Spot_The_Gap.html	CODE:199629eefccf639c	PROSE:3ddb0fdf8959c841
GROW_ASDAN/Enterprise/ENT_W3_Our_Idea_Our_Users.html	CODE:5588a84f388c5ce9	PROSE:51db1f55f5848012
GROW_ASDAN/Enterprise/ENT_W4_Money_In_Money_Out.html	CODE:d49b8fb54be0067a	PROSE:52141f634cbbe1b0
GROW_ASDAN/Enterprise/ENT_W5_Brand_And_Pitch.html	CODE:77b18ef275788411	PROSE:cc8622e04d17f646
GROW_ASDAN/Enterprise/ENT_W6_Pitch_Day.html	CODE:cbedad9b7dc1ee4f	PROSE:7efe0b1028873677
GROW_ASDAN/Enterprise/START_HERE.html	CODE:b854cf6d6bbbbbe1	PROSE:a1cb09b0c9e15b07
GROW_ASDAN/GROW_ASDAN_Hub.html	CODE:6294d4a5402dfa02	PROSE:e52112ba30e29fba
GROW_ASDAN/PEQ/PEQ_W1_Knowing_Myself.html	CODE:d788982581610b2c	PROSE:2e00eec00f7dd1cf
GROW_ASDAN/PEQ/PEQ_W2_Goals_That_Work.html	CODE:8824efe08004e965	PROSE:079174d4bf3132cd
GROW_ASDAN/PEQ/PEQ_W3_Working_With_Others.html	CODE:8d5d54ced319f3ed	PROSE:3781cb30dc375f53
GROW_ASDAN/PEQ/PEQ_W4_Managing_Myself.html	CODE:275d330974796ee7	PROSE:d61a836df03685a6
GROW_ASDAN/PEQ/PEQ_W5_Solving_Problems.html	CODE:3a477c87bc47e1d1	PROSE:4e87ace8c50adff1
GROW_ASDAN/PEQ/PEQ_W6_Present_My_Progress.html	CODE:e761f86792d39849	PROSE:c82a4405d2f9e45e
GROW_ASDAN/PEQ/START_HERE.html	CODE:ec2d0d7ab429d129	PROSE:2d79a4ba07524cb5
GROW_ASDAN/Resources_and_Tools.html	CODE:2312431e3489843b	PROSE:8cadcbbbbf38a5dd
GROW_ASDAN/Scheme_and_Resources.html	CODE:16cb01e0c5d0eab2	PROSE:a140bba086422be5
Grow/Slideshows/GROW_ART_W1_Art_Battle_Tasters.html	CODE:7b10fe0631de20e5	PROSE:71f50473c961a619
Grow/Slideshows/GROW_ART_W2_Level_Up_Portrait.html	CODE:d5cc7504a988948a	PROSE:6c580257f23720b1
Grow/Slideshows/GROW_ART_W3_Plan_The_Portrait.html	CODE:e52fba418cbaa921	PROSE:17f573c164e4264b
Grow/Slideshows/GROW_ART_W4_Create_The_Piece.html	CODE:b452329550f4c285	PROSE:ad069276add4e8e0
Grow/Slideshows/GROW_ART_W5_Review_And_Improve.html	CODE:e059bf537f4c4cad	PROSE:d030ada8754e09f2
Grow/Slideshows/GROW_ART_W6_Artist_Research.html	CODE:b2fd4c61caf145e2	PROSE:6a3f5e14738e5534
Grow/Slideshows/GROW_ART_W7_Share_The_Portfolio.html	CODE:babdf6ef6dc9a08d	PROSE:3a70cb249d9a537e
Grow/Slideshows/GROW_ART_W8_Festival_Sounds.html	CODE:2493f508206a20ed	PROSE:f1b30fd86c128833
Grow/Slideshows/GROW_HUM_W1_Time_Detectives.html	CODE:8543b5bcb94099d1	PROSE:37823ae9016ef5e0
Grow/Slideshows/GROW_HUM_W2_Source_Detectives.html	CODE:8543b5bcb94099d1	PROSE:c05b73df005f6a37
Grow/Slideshows/GROW_HUM_W3_Cause_And_Consequence.html	CODE:8543b5bcb94099d1	PROSE:67b70d2580e6d68c
Grow/Slideshows/GROW_HUM_W4_People_Who_Shaped_Britain.html	CODE:8543b5bcb94099d1	PROSE:e74d6e2ee21d12e8
Grow/Slideshows/GROW_HUM_W5_Significance.html	CODE:8543b5bcb94099d1	PROSE:861e29584aa1cdb1
Grow/Slideshows/GROW_HUM_W6_Plan_The_Account.html	CODE:8543b5bcb94099d1	PROSE:c1bd865e1bcb9f75
Grow/Slideshows/GROW_HUM_W7_Write_The_Account.html	CODE:1785e597441818cd	PROSE:cb29a9a8208a6dee
Grow/Slideshows/GROW_HUM_W8_Where_In_The_World.html	CODE:8543b5bcb94099d1	PROSE:3d2d9bffc11ac1e1
Humanities_Teesside/BUILD_Printable_Pack.html	CODE:4d9c5469a4f1df5e	PROSE:9f77e041b7e5578c
Humanities_Teesside/BUILD_Scheme_of_Work.html	CODE:7be8a4ff10437b2a	PROSE:b076f5253bc0488d
Humanities_Teesside/GROW_Printable_Pack.html	CODE:8270ed109d9ee8ca	PROSE:6ed8350e7eefe5fa
Humanities_Teesside/GROW_Scheme_of_Work.html	CODE:7be8a4ff10437b2a	PROSE:ccf224b23a289f43
Humanities_Teesside/LAUNCH_Printable_Pack.html	CODE:7f39cb734dcfd847	PROSE:d20d6a1f5401c3c4
Humanities_Teesside/LAUNCH_Scheme_of_Work.html	CODE:7be8a4ff10437b2a	PROSE:52c3092e8946b729
Humanities_Teesside/Lundy_Humanities/15_MIN_TUTOR_TIME_REVIEW_OPTIONS.html	CODE:b35d2a763cdb5743	PROSE:4b55e57a3b3f763f
Humanities_Teesside/Lundy_Humanities/CLAIM_EVIDENCE_REASONING_CARD.html	CODE:b35d2a763cdb5743	PROSE:bb24b901f4ddaef3
Humanities_Teesside/Lundy_Humanities/HISTORICAL_HINGE_BANK.html	CODE:8eb04062eb0d52e0	PROSE:22466c8880abda96
Humanities_Teesside/Lundy_Humanities/HUMANITIES_MODERATION_TOOL.html	CODE:b35d2a763cdb5743	PROSE:4eae9b447531ff9a
Humanities_Teesside/Lundy_Humanities/INFLUENCE_REPORT_BACK_GUIDE.html	CODE:b35d2a763cdb5743	PROSE:6e95d4b6712af13b
Humanities_Teesside/Lundy_Humanities/MAP_AND_FIELDWORK_EVIDENCE_CARD.html	CODE:b35d2a763cdb5743	PROSE:1b219826c80b4689
Humanities_Teesside/Lundy_Humanities/REPRESENTATIVE_WORK_AND_CONSENT.html	CODE:b35d2a763cdb5743	PROSE:e62b03e3a523fe0f
Humanities_Teesside/Lundy_Humanities/SOURCE_PROVENANCE_REGISTER.html	CODE:b35d2a763cdb5743	PROSE:71871c726772675e
Humanities_Teesside/Lundy_Humanities/STAFF_ROLES_RACI.html	CODE:b35d2a763cdb5743	PROSE:b711ff1fc7bdd5e5
Humanities_Teesside/Lundy_Humanities/START_HERE.html	CODE:b35d2a763cdb5743	PROSE:cd32b3c277c74308
Humanities_Teesside/Lundy_Humanities/TA_LISTENING_AND_AUTHORSHIP_CARD.html	CODE:b35d2a763cdb5743	PROSE:345b3df8f7fd23cc
Humanities_Teesside/Lundy_Humanities/TEACHER_DISCIPLINARY_DECISION_CARD.html	CODE:b35d2a763cdb5743	PROSE:feea0eb46898b64f
Humanities_Teesside/Lundy_Humanities/UAS_ALIGNMENT_TOOL.html	CODE:b35d2a763cdb5743	PROSE:5b2f466678dafaa2
Humanities_Teesside/Lundy_Humanities/specimens/BUILD_HUM_W2_overlay.html	CODE:b35d2a763cdb5743	PROSE:cd2572eb48bed823
Humanities_Teesside/Lundy_Humanities/specimens/GROW_HUM_W3_overlay.html	CODE:b35d2a763cdb5743	PROSE:618a072e86cde6b8
Humanities_Teesside/Lundy_Humanities/specimens/LAUNCH_HUM_W1_overlay.html	CODE:b35d2a763cdb5743	PROSE:a422eeeca44497fb
Humanities_Teesside/Lundy_Humanities/specimens/OBSERVATION_RECORD.html	CODE:b35d2a763cdb5743	PROSE:a137c9e454af2930
Humanities_Teesside/Lundy_Humanities/specimens/START_HERE.html	CODE:b35d2a763cdb5743	PROSE:ce464035d10b6ba0
Humanities_Teesside/Pathway_Tracker.html	CODE:a8a0979dce28c1a0	PROSE:85932cf78f412899
LAUNCH_ASDAN/Careers/CAREERS_W1_Know_Myself_for_Work.html	CODE:f20dd641841e8980	PROSE:b63fd53810041fe3
LAUNCH_ASDAN/Careers/CAREERS_W2_The_World_of_Work_and_Its_Sectors.html	CODE:bf36731bf3a22e3b	PROSE:b48715b4f5bab809
LAUNCH_ASDAN/Careers/CAREERS_W3_Labour-Market_Information_and_Pathways.html	CODE:9ba14be5b805b3ed	PROSE:f232b067625ce159
LAUNCH_ASDAN/Careers/CAREERS_W4_Meeting_an_Employer.html	CODE:5a66edcb8237afeb	PROSE:6e0fe7c6fe7a1e8b
LAUNCH_ASDAN/Careers/CAREERS_W5_Matching_My_Profile_to_Opportunities.html	CODE:c5886b4e4039d5bb	PROSE:46cd57181a50d9e0
LAUNCH_ASDAN/Careers/CAREERS_W6_Setting_SMART_Careers_Targets.html	CODE:b8a190cdafbcf3b5	PROSE:b2a961380d46bd2a
LAUNCH_ASDAN/Careers/START_HERE.html	CODE:58cb9d8033dc49b8	PROSE:fa91b6385bbebf11
LAUNCH_ASDAN/Community_Enterprise/COMM_W1_Identify_a_Community_Need.html	CODE:f07995dcea2da249	PROSE:624326a5f0cdace1
LAUNCH_ASDAN/Community_Enterprise/COMM_W2_Plan_a_Social-Action_or_Enterprise_Project.html	CODE:715d7d62ebea4479	PROSE:0a04ee1b9499e024
LAUNCH_ASDAN/Community_Enterprise/COMM_W3_Agree_Roles_Aims_and_Timeline.html	CODE:7594fa6b8a587c38	PROSE:0c8802fa48c2a38d
LAUNCH_ASDAN/Community_Enterprise/COMM_W4_Partner_with_a_Local_Group_or_Charity.html	CODE:273c2f5d525bdd5a	PROSE:baa5584f78982874
LAUNCH_ASDAN/Community_Enterprise/COMM_W5_Begin_Delivering_the_Project.html	CODE:42db4c945b57cade	PROSE:ccfd08bdbd61b405
LAUNCH_ASDAN/Community_Enterprise/COMM_W6_Promote_Our_Project.html	CODE:d6a42af18f5d485e	PROSE:57bbdda51eb6d4f1
LAUNCH_ASDAN/Community_Enterprise/START_HERE.html	CODE:34ae29ff6d96ed04	PROSE:848785ef64d4bcfa
LAUNCH_ASDAN/LAUNCH_ASDAN_Hub.html	CODE:f1314b8a7fd25519	PROSE:2b2eebe4c17b9899
LAUNCH_ASDAN/Living_Independently/LI_W1_Self-Care_Routines_and_Organisation.html	CODE:bfcbc79093cdc3d5	PROSE:e11bfa048310f683
LAUNCH_ASDAN/Living_Independently/LI_W2_Home_Safety_and_Hazard_Awareness.html	CODE:c8ed6f877b07769c	PROSE:274b128661347887
LAUNCH_ASDAN/Living_Independently/LI_W3_Laundry_and_Household_Maintenance.html	CODE:e5173add9a059fc7	PROSE:ef52bac73e54b879
LAUNCH_ASDAN/Living_Independently/LI_W4_Keeping_a_Clean_Safe_Living_Space.html	CODE:6880844f88717653	PROSE:5cc68e09d6a90223
LAUNCH_ASDAN/Living_Independently/LI_W5_Personal_Admin_and_Responsibilities.html	CODE:63c6b2c3b6ebcc49	PROSE:008d896873848a63
LAUNCH_ASDAN/Living_Independently/LI_W6_Plan_and_Shop_for_a_Balanced_Meal.html	CODE:2b1617c81aa637df	PROSE:cb6a6e00705ef2a1
LAUNCH_ASDAN/Living_Independently/START_HERE.html	CODE:f92274fc1249e134	PROSE:4bee3778160f0398
LAUNCH_ASDAN/PEQ/PEQ_W1_Intro_and_Choosing_My_Level.html	CODE:7449dfbc2d631628	PROSE:6433601a5e245b29
LAUNCH_ASDAN/PEQ/PEQ_W2_What_Makes_Communication_Effective.html	CODE:a7dfee6cc15ee477	PROSE:e702ca4b9cac3b23
LAUNCH_ASDAN/PEQ/PEQ_W3_Active_Listening_and_Giving_Feedback.html	CODE:6f4ea594ac178f4b	PROSE:d86e28a85477e5e6
LAUNCH_ASDAN/PEQ/PEQ_W4_Plan_a_Communication_Activity.html	CODE:44bf81ce72de6561	PROSE:b5cc1f68f5c15685
LAUNCH_ASDAN/PEQ/PEQ_W5_Deliver_the_Activity_and_Gather_Evidence.html	CODE:60d2c0a8a6b81830	PROSE:03de9b9f38665bec
LAUNCH_ASDAN/PEQ/PEQ_W6_Review_Progress_and_Sign_Off_the_Unit.html	CODE:6e1c4e64725a9bdb	PROSE:f306c1ca2b6836ca
LAUNCH_ASDAN/PEQ/START_HERE.html	CODE:f1314b8a7fd25519	PROSE:54d6cee0bcbbcad5
LAUNCH_ASDAN/Resources_and_Tools.html	CODE:b1aeea9b383188de	PROSE:5951e6c4291a609b
LAUNCH_ASDAN/Scheme_of_Work.html	CODE:f1314b8a7fd25519	PROSE:61ef4c7ebb0b5eb0
LAUNCH_ASDAN/Vocational/START_HERE.html	CODE:e8edeb8055fad9e7	PROSE:c9a16dc38c68a351
LAUNCH_ASDAN/Vocational/VOC_W1_Introduction_to_Vocational_Skills_and_Workplaces.html	CODE:282550ad9f18f991	PROSE:73418a832b044461
LAUNCH_ASDAN/Vocational/VOC_W2_Health_Safety_and_Hygiene_at_Work.html	CODE:d94f336ab474da3a	PROSE:497d1997b4511d71
LAUNCH_ASDAN/Vocational/VOC_W3_Following_Instructions_and_Routines.html	CODE:e092a00a7ba9c6f6	PROSE:3b42ce523fea7004
LAUNCH_ASDAN/Vocational/VOC_W4_Teamwork_in_a_Vocational_Setting.html	CODE:0a1ca8d8f09665bc	PROSE:b071a319fb16d9f5
LAUNCH_ASDAN/Vocational/VOC_W5_Tools_Equipment_and_Safe_Use.html	CODE:fd90b05e55779df3	PROSE:cc2a6de346de4dba
LAUNCH_ASDAN/Vocational/VOC_W6_Complete_a_Supported_Vocational_Task.html	CODE:8f89672eb993c8a5	PROSE:274e02843bfd53cb
Launch/Slideshows/LAUNCH_ART_W1_Gallery_Detectives.html	CODE:ddb25bd9ffc0e3ba	PROSE:a8462276815ce792
Launch/Slideshows/LAUNCH_ART_W2_Symbolism_Self_Portrait.html	CODE:ea4d8c1b296a27a8	PROSE:c976b62520794bbb
Launch/Slideshows/LAUNCH_ART_W3_Practitioner_Research.html	CODE:b89967b9628a5aac	PROSE:cad3b452c94fc4dc
Launch/Slideshows/LAUNCH_ART_W4_Refine_With_Feedback.html	CODE:b254cb43614841ba	PROSE:db95d660c1d086d7
Launch/Slideshows/LAUNCH_ART_W5_Plan_The_Experience.html	CODE:1e294c1b3422f490	PROSE:722f10d7623529ba
Launch/Slideshows/LAUNCH_ART_W6_Experience_The_Event.html	CODE:2384d36cc5903b44	PROSE:4f215d16189f5447
Launch/Slideshows/LAUNCH_ART_W7_Begin_The_Review.html	CODE:5d5458437e756d58	PROSE:be720adb65c202eb
Launch/Slideshows/LAUNCH_ART_W8_Complete_The_Review.html	CODE:0fc06395a3d6b78e	PROSE:d43d3cb83167aa81
Launch/Slideshows/LAUNCH_HUM_W1_Source_Investigation.html	CODE:142de41e6c663a39	PROSE:240e423b927d386c
Launch/Slideshows/LAUNCH_HUM_W2_Cause_Consequence_Courtroom.html	CODE:142de41e6c663a39	PROSE:3f3779b59a7a9f31
Launch/Slideshows/LAUNCH_HUM_W3_Archive_NOP.html	CODE:142de41e6c663a39	PROSE:6f83699cb2682dbb
Launch/Slideshows/LAUNCH_HUM_W4_Century_Of_Change.html	CODE:142de41e6c663a39	PROSE:b68a07237ed34a85
Launch/Slideshows/LAUNCH_HUM_W5_People_Modern_Britain.html	CODE:142de41e6c663a39	PROSE:37bf95de072cd9e4
Launch/Slideshows/LAUNCH_HUM_W6_Structured_Account.html	CODE:142de41e6c663a39	PROSE:585b93574eb99e60
Launch/Slideshows/LAUNCH_HUM_W7_Source_Assessment.html	CODE:3cf4804123a014bf	PROSE:84820ecc1b19d415
Launch/Slideshows/LAUNCH_HUM_W8_OS_Map_Skills.html	CODE:142de41e6c663a39	PROSE:5bea096ea048e22f
Science_Teesside/Build/v3_40min/BUILD_DAILY_REFLECTION_EVIDENCE_WINDOW.html	CODE:8544e7342c367317	PROSE:94e038dd8461f0fc
Science_Teesside/Build/v3_40min/BUILD_SCIENCE_PRACTICALS_MATRIX.html	CODE:0ce629b699671c58	PROSE:4f924903d58ea342
Science_Teesside/Build/v3_40min/BUILD_SCIENCE_PRACTICALS_MATRIX_PROGRESS_SCHOOLS.html	CODE:0ce629b699671c58	PROSE:9c3200d7b86dc919
Science_Teesside/Build/v3_40min/SCI_B_W3A_Backbones_Explore.html	CODE:ea9989f447439cba	PROSE:2ad8575f7f9e81e5
Science_Teesside/Build/v3_40min/SCI_B_W3B_Backbone_Detectives_Do.html	CODE:d5cd08a88762ecec	PROSE:c2980b6798dc9fa6
Science_Teesside/Build/v3_40min/SCI_B_W4A_Muscles_Explore.html	CODE:bf685e11d26035b8	PROSE:4a2cf6f1152b5416
Science_Teesside/Build/v3_40min/SCI_B_W4B_Muscle_Model_Do.html	CODE:011aa952c51c27bd	PROSE:216ba5b67417b252
Science_Teesside/Build/v3_40min/SCI_B_W5A_Body_Needs_Explore.html	CODE:157e1e39a461e6dd	PROSE:ef5e226bbb4b3730
Science_Teesside/Build/v3_40min/SCI_B_W5B_Nutrition_Mission_Do.html	CODE:164f774790c85d68	PROSE:c92fe58e496625c5
Science_Teesside/Build/v3_40min/SCI_B_W6A_Balanced_Plate_Explore.html	CODE:1c80f76b3c42eafe	PROSE:476ab5663a0d0fe4
Science_Teesside/Build/v3_40min/SCI_B_W6B_Balanced_Plate_Do.html	CODE:8582efe2bcf55e36	PROSE:e6f854ba3f3f4c7e
Science_Teesside/Build/v3_40min/SCI_B_W7A_Food_Sources_Explore.html	CODE:e78336d9fda37add	PROSE:937f531c682e1319
Science_Teesside/Build/v3_40min/SCI_B_W7B_Food_Chain_Do.html	CODE:2639f6a96ca571ad	PROSE:fc29a1c822dfcb27
Science_Teesside/Build/v3_40min/TEACHER_IMPLEMENTATION_GUIDE.html	CODE:8eb18dbe9abd68db	PROSE:ef7d6f81a5548cde
Science_Teesside/Build/v3_40min/index.html	CODE:f76f8b23513c3326	PROSE:481128c2a5038511
Science_Teesside/Grow/v3_40min/GROW_SCIENCE_PRACTICALS_MATRIX.html	CODE:9b20ac8e4457cf08	PROSE:b128c157ae854768
Science_Teesside/Grow/v3_40min/GROW_SCIENCE_PRACTICALS_MATRIX_PROGRESS_SCHOOLS.html	CODE:9b20ac8e4457cf08	PROSE:615179894579ef0c
Science_Teesside/Grow/v3_40min/LUNDY_DAILY_REFLECTION_EVIDENCE_WINDOW.html	CODE:3858023f4976409a	PROSE:45d8f178474ffbc9
Science_Teesside/Grow/v3_40min/SCI_G_W3A_Friction_Explore.html	CODE:cf913d50c2752fdf	PROSE:8fcc264ae8d99e2b
Science_Teesside/Grow/v3_40min/SCI_G_W3B_Friction_Do.html	CODE:f2760d17ee57016b	PROSE:b535240850d8660e
Science_Teesside/Grow/v3_40min/SCI_G_W4A_Mechanisms_Explore.html	CODE:32d42dcf11da1524	PROSE:3fccec1ba5e9e92f
Science_Teesside/Grow/v3_40min/SCI_G_W4B_Mechanisms_Do.html	CODE:39f3da950ae7f988	PROSE:8f326f31ab75d359
Science_Teesside/Grow/v3_40min/SCI_G_W5A_Fair_Test_Explore.html	CODE:fe077171b6bcc3ee	PROSE:298c4219722d7ee2
Science_Teesside/Grow/v3_40min/SCI_G_W5B_Fair_Test_Do.html	CODE:97a6105669b9deb2	PROSE:175351ab6ac5d409
Science_Teesside/Grow/v3_40min/SCI_G_W6A_Earth_And_Planets_Explore.html	CODE:cbbf1d7512843e90	PROSE:820f304186e360ea
Science_Teesside/Grow/v3_40min/SCI_G_W6B_Earth_And_Planets_Do.html	CODE:dbdee5bdc0b2a443	PROSE:fe5896d143c557f3
Science_Teesside/Grow/v3_40min/SCI_G_W7A_The_Moon_Explore.html	CODE:9a09486032c7cbc0	PROSE:8d54c7e2d3d4a73d
Science_Teesside/Grow/v3_40min/SCI_G_W7B_The_Moon_Do.html	CODE:db79677d342079b6	PROSE:36366ca39af8ce8f
Science_Teesside/Grow/v3_40min/TEACHER_IMPLEMENTATION_GUIDE.html	CODE:b63442efc3910c1a	PROSE:a05c11b9be82658a
Science_Teesside/Grow/v3_40min/index.html	CODE:2bd2a1465c76c479	PROSE:55ea4c852a052133
Science_Teesside/Launch/v3_40min/LAUNCH_DAILY_REFLECTION_EVIDENCE_WINDOW.html	CODE:53037baf95ae3a4e	PROSE:1210157ee6da5ec7
Science_Teesside/Launch/v3_40min/LAUNCH_SCIENCE_PRACTICALS_MATRIX.html	CODE:3018c660d317bafc	PROSE:13c835d1ad79955f
Science_Teesside/Launch/v3_40min/LAUNCH_SCIENCE_PRACTICALS_MATRIX_PROGRESS_SCHOOLS.html	CODE:3018c660d317bafc	PROSE:28c1e29993a03797
Science_Teesside/Launch/v3_40min/SCI_L_W3L1_Microscopy_Introduce.html	CODE:8a3c788fdd7b6968	PROSE:a7f313589ef8e05d
Science_Teesside/Launch/v3_40min/SCI_L_W3L2_Calculating_Magnification_Explore.html	CODE:d4c3d47e368e0f21	PROSE:6886338c513b8329
Science_Teesside/Launch/v3_40min/SCI_L_W3L3_Magnification_Lab_Do.html	CODE:7be485eeb52c700f	PROSE:fa14633e55b5a194
Science_Teesside/Launch/v3_40min/SCI_L_W4L1_Diffusion_Introduce.html	CODE:7509f148a58ab72f	PROSE:2b54b7f78f2df434
Science_Teesside/Launch/v3_40min/SCI_L_W4L2_Diffusion_Lungs_Explore.html	CODE:4b15670c2f86042a	PROSE:822e8b4aa3ba3ab0
Science_Teesside/Launch/v3_40min/SCI_L_W4L3_Diffusion_Explanation_Do.html	CODE:71d90e6dd02b9ad9	PROSE:5150a698173bb10b
Science_Teesside/Launch/v3_40min/SCI_L_W5L1_Osmosis_Introduce.html	CODE:dd7032f2be226481	PROSE:5cc0045487288083
Science_Teesside/Launch/v3_40min/SCI_L_W5L2_Osmosis_Core_Practical_Explore.html	CODE:3c6945c6d8729665	PROSE:5327f9753619ae46
Science_Teesside/Launch/v3_40min/SCI_L_W5L3_Osmosis_Data_Do.html	CODE:3c404fa16aab9f08	PROSE:03e08336408c4653
Science_Teesside/Launch/v3_40min/SCI_L_W6L1_Active_Transport_Introduce.html	CODE:12344dae4c3e805a	PROSE:6691ac4ec041801c
Science_Teesside/Launch/v3_40min/SCI_L_W6L2_Root_Hairs_And_Gut_Explore.html	CODE:3f321e882d5fe7bc	PROSE:848b9ad3261a9d7f
Science_Teesside/Launch/v3_40min/SCI_L_W6L3_Compare_Transport_Do.html	CODE:191c6745226f3a16	PROSE:8600aca2ace16a7d
Science_Teesside/Launch/v3_40min/SCI_L_W7L1_Topic_1_Round_Up_Introduce.html	CODE:8b8732dbc68fb8c3	PROSE:08c5ef11019ca018
Science_Teesside/Launch/v3_40min/SCI_L_W7L2_Command_Words_Explore.html	CODE:e9137f9cc106f226	PROSE:1031e89745a21401
Science_Teesside/Launch/v3_40min/SCI_L_W7L3_Exam_Practice_Do.html	CODE:d337a77ac757e09c	PROSE:2a6d599bf536dc8d
Science_Teesside/Launch/v3_40min/TEACHER_IMPLEMENTATION_GUIDE.html	CODE:979242aad9897b59	PROSE:566db8caa690f9c1
Science_Teesside/Launch/v3_40min/index.html	CODE:d490bb4e1af9bac0	PROSE:31f9d5c75b2597cb
