path,bytes,sha256,chassis,scripts,print_sections,print_boxes,wit_panel,loop_mark,closure_line,ta_brief,cc,lundy_boxes,sow_strip,award_strip,guide_tagged
Art_Teesside/Arts_Partnership_Log.html,5893,bb44827b2472,doc,0,0,0,0,0,0,,0,0,0,0,0
Art_Teesside/Build/Autumn2_Printable_Weekly_Evidence_Pack.html,24471,0187d9c81d66,doc,1,0,0,0,0,0,,0,0,0,0,0
Art_Teesside/Build/Autumn2_Scheme_of_Work.html,8804,6dfc5031698b,doc,0,0,0,0,0,0,,0,0,0,0,0
Art_Teesside/Build/Autumn2_Studio_Session_Run_Sheets.html,16868,c02a17e31e7a,doc,1,0,0,0,0,0,,0,0,0,0,0
Art_Teesside/Build/BUILD_ART_A2_W1_Surface_Hunt.html,93835,1f036d63c3d4,v5-art,6,14,0,0,0,0,v5,1,4,1,1,0
Art_Teesside/Build/BUILD_ART_A2_W2_Arts_Inspiration.html,93895,c30874d4d101,v5-art,6,14,0,0,0,0,v5,1,4,1,1,0
Art_Teesside/Build/BUILD_ART_A2_W3_Stencil_Lab.html,92649,c357d495dc24,v5-art,6,14,0,0,0,0,v5,1,4,1,1,0
Art_Teesside/Build/BUILD_ART_A2_W4_Audience_Week.html,93169,e08ce10b9f72,v5-art,6,14,0,0,0,0,v5,1,4,1,1,0
Art_Teesside/Build/BUILD_ART_A2_W5_Layer_and_Combine.html,93395,fcc842b09955,v5-art,6,14,0,0,0,0,v5,1,4,1,1,0
Art_Teesside/Build/BUILD_ART_A2_W6_Resolve_and_Edition.html,92980,a9507a2268f9,v5-art,6,14,0,0,0,0,v5,1,4,1,1,0
Art_Teesside/Build/BUILD_ART_A2_W7_Bank_It_and_Plan_the_Teach.html,93693,852d8a7c4bcf,v5-art,6,14,0,0,0,0,v5,1,4,1,1,0
Art_Teesside/Build/BUILD_ART_W1_The_Local_Canvas.html,100691,f8fa93406dfa,v5-art,6,14,0,0,1,0,v5,1,4,1,1,0
Art_Teesside/Build/BUILD_ART_W2_Artists_Makers_and_Teesside_Connections.html,104413,9a010d27d9a0,v5-art,6,15,0,0,1,0,v5,1,4,1,1,0
Art_Teesside/Build/BUILD_ART_W3_Industrial_Surface_Skills_Lab.html,102735,8c4b63b23c31,v5-art,6,14,0,0,1,0,v5,1,4,1,1,0
Art_Teesside/Build/BUILD_ART_W4_Build_the_Brief.html,100190,14a4966a9361,v5-art,6,14,0,0,1,0,v5,1,4,1,1,0
Art_Teesside/Build/BUILD_ART_W5_Critique_Test_and_Redirect.html,100267,2add48c2b75d,v5-art,6,14,0,0,1,0,v5,1,4,1,1,0
Art_Teesside/Build/BUILD_ART_W6_Resolve_the_Artwork.html,99788,2b6f4213d2a1,v5-art,6,14,0,0,1,0,v5,1,4,1,1,0
Art_Teesside/Build/BUILD_ART_W7_Curate_the_Showcase.html,100601,8564d75dfdac,v5-art,6,14,0,0,1,0,v5,1,4,1,1,0
Art_Teesside/Build/BUILD_ART_W8_Share_Reflect_and_Close_the_Loop.html,101128,180d6822edea,v5-art,6,14,0,0,1,0,v5,1,4,1,1,0
Art_Teesside/Build/Printable_BUILD_Weekly_Evidence_Pack.html,25923,fc967ff81860,doc,1,0,0,0,0,0,,0,0,0,0,0
Art_Teesside/Build/START_HERE.html,10499,69b013075d7c,doc,0,0,0,0,0,0,,0,0,0,0,0
Art_Teesside/Build/Scheme_of_Work.html,7451,d19383002982,doc,0,0,0,0,0,0,,0,0,0,0,0
Art_Teesside/Build/Spring1_Printable_Weekly_Evidence_Pack.html,23211,50bb2fe92823,doc,1,0,0,0,0,0,,0,0,0,0,0
Art_Teesside/Build/Spring1_Scheme_of_Work.html,5464,3582fc81a759,doc,0,0,0,0,0,0,,0,0,0,0,0
Art_Teesside/Grow/GROW_ART_W1_The_Local_Canvas.html,99216,675deb822011,v5-art,6,14,0,0,0,1,v5,1,4,1,1,0
Art_Teesside/Grow/GROW_ART_W2_Studio_Skills_and_Safe_Practice.html,98784,473d2b89bef9,v5-art,6,14,0,0,0,1,v5,1,4,1,1,0
Art_Teesside/Grow/GROW_ART_W3_Independent_Studio_Challenge.html,100519,e329017fc4e4,v5-art,6,14,0,0,0,1,v5,1,4,1,1,0
Art_Teesside/Grow/GROW_ART_W4_Arts_Event_Attend_Capture_and_Review.html,100358,f287d0c26e52,v5-art,6,14,0,0,0,1,v5,1,4,1,1,0
Art_Teesside/Grow/GROW_ART_W5_Practitioner_Career_and_Inspiration.html,103272,37881e610526,v5-art,6,15,0,0,0,1,v5,1,4,1,1,0
Art_Teesside/Grow/GROW_ART_W6_Plan_and_Rehearse_the_Skill_Share.html,100077,aef5c537a1be,v5-art,6,14,0,0,0,1,v5,1,4,1,1,0
Art_Teesside/Grow/GROW_ART_W7_Deliver_the_Skill_Share_and_Curate.html,101619,576f66b03ab4,v5-art,6,15,0,0,0,1,v5,1,4,1,1,0
Art_Teesside/Grow/GROW_ART_W8_Reflect_Audit_and_Close_the_Loop.html,100225,99a4cdba3c3d,v5-art,6,14,0,0,0,1,v5,1,4,1,1,0
Art_Teesside/Grow/Printable_GROW_Evidence_Lundy_and_LAUNCH_Pack.html,29486,3072b2799e97,doc,1,0,0,0,0,0,,0,0,0,0,0
Art_Teesside/Grow/START_HERE.html,8229,21f8477fcd61,doc,0,0,0,0,0,0,,0,0,0,0,0
Art_Teesside/Grow/Scheme_of_Work.html,9476,d723c4eb7355,doc,0,0,0,0,0,0,,0,0,0,0,0
Art_Teesside/House_Standard_and_Safety.html,8974,2f802218a088,doc,0,0,0,0,0,0,,0,0,0,0,0
Art_Teesside/Launch/LAUNCH_ART_W1_Frame_the_Local_Challenge.html,99964,34f106f61223,v5-art,6,14,0,0,0,1,v5,1,4,1,1,0
Art_Teesside/Launch/LAUNCH_ART_W2_Practice_Careers_and_Pathways.html,102659,9da9327e97f2,v5-art,6,15,0,0,0,1,v5,1,4,1,1,0
Art_Teesside/Launch/LAUNCH_ART_W3_Implement_and_Critically_Develop.html,101746,64154fc7dc4d,v5-art,6,14,0,0,0,1,v5,1,4,1,1,0
Art_Teesside/Launch/LAUNCH_ART_W4_Arts_Experience_Attend_Analyse_and_Share.html,100877,dfab1ede0f0e,v5-art,6,14,0,0,0,1,v5,1,4,1,1,0
Art_Teesside/Launch/LAUNCH_ART_W5_Design_the_Leadership_Project.html,102981,8a6c6d90de48,v5-art,6,15,0,0,0,1,v5,1,4,1,1,0
Art_Teesside/Launch/LAUNCH_ART_W6_Pilot_Lead_and_Adapt.html,100563,eb379e27dc16,v5-art,6,14,0,0,0,1,v5,1,4,1,1,0
Art_Teesside/Launch/LAUNCH_ART_W7_Deliver_and_Curate_the_Arts_Project.html,101805,b14f4215c093,v5-art,6,14,0,0,0,1,v5,1,4,1,1,0
Art_Teesside/Launch/LAUNCH_ART_W8_Review_Influence_and_Portfolio_Audit.html,101894,932bb03cc985,v5-art,6,14,0,0,0,1,v5,1,4,1,1,0
Art_Teesside/Launch/Printable_LAUNCH_Evidence_and_Lundy_Pack.html,28393,13405d77afcf,doc,1,0,0,0,0,0,,0,0,0,0,0
Art_Teesside/Launch/START_HERE.html,9176,1051753d9e5f,doc,0,0,0,0,0,0,,0,0,0,0,0
Art_Teesside/Launch/Scheme_of_Work.html,10963,f4f2c7df4d21,doc,0,0,0,0,0,0,,0,0,0,0,0
Art_Teesside/Spring2_Printable_Weekly_Evidence_Pack.html,23539,c26d4b3224e4,doc,1,0,0,0,0,0,,0,0,0,0,0
Art_Teesside/Spring2_Scheme_of_Work.html,6454,082ee178ae7f,doc,0,0,0,0,0,0,,0,0,0,0,0
Art_Teesside/Summer1_Printable_Weekly_Evidence_Pack.html,23147,83e8a9f38a26,doc,1,0,0,0,0,0,,0,0,0,0,0
Art_Teesside/Summer1_Scheme_of_Work.html,5951,0f81ab89325a,doc,0,0,0,0,0,0,,0,0,0,0,0
Art_Teesside/Summer2_Printable_Weekly_Evidence_Pack.html,23401,3af9d4bedcf9,doc,1,0,0,0,0,0,,0,0,0,0,0
Art_Teesside/Summer2_Scheme_of_Work.html,6610,c74a10a19fe3,doc,0,0,0,0,0,0,,0,0,0,0,0
BUILD_ASDAN/BUILD_ASDAN_Hub.html,4585,fcae952531ac,doc,0,0,0,0,0,0,,0,0,0,0,0
BUILD_ASDAN/Careers/CAREERS_W1_My_Strengths.html,358997,29acf2dc7b18,v5-asdan,6,15,0,1,1,0,v5,1,4,1,1,1
BUILD_ASDAN/Careers/CAREERS_W2_Jobs_in_My_Community.html,357593,90b4ec6228ad,v5-asdan,6,15,0,1,1,0,v5,1,4,1,1,1
BUILD_ASDAN/Careers/CAREERS_W3_Skills_Employers_Want.html,359851,a1f8e5d60448,v5-asdan,6,15,0,1,1,0,v5,1,4,1,1,1
BUILD_ASDAN/Careers/CAREERS_W4_Routines_and_Reliability.html,359742,32fe125b3825,v5-asdan,6,15,0,1,1,0,v5,1,4,1,1,1
BUILD_ASDAN/Careers/CAREERS_W5_Applying_Myself.html,364475,01234f6dee65,v5-asdan,6,16,0,1,1,0,v5,1,4,1,1,1
BUILD_ASDAN/Careers/CAREERS_W6_My_Career_Profile.html,363139,be902125bc74,v5-asdan,6,16,0,1,1,0,v5,1,4,1,1,1
BUILD_ASDAN/Careers/CAREERS_W7_After_Year_11.html,361061,6591709dc640,v5-asdan,6,15,0,1,1,0,v5,1,4,1,1,1
BUILD_ASDAN/Careers/START_HERE.html,3494,ac288547c8b8,doc,0,0,0,0,0,0,,0,0,0,0,0
BUILD_ASDAN/Community_Project/COMM_W1_Choose_Our_Asset.html,359045,bf02e1931e37,v5-asdan,6,15,0,1,1,0,v5,1,4,1,1,1
BUILD_ASDAN/Community_Project/COMM_W2_The_Site's_Need.html,357744,426deea3dada,v5-asdan,6,15,0,1,1,0,v5,1,4,1,1,1
BUILD_ASDAN/Community_Project/COMM_W3_Our_Team_Roles.html,357978,c1de1aae86d6,v5-asdan,6,15,0,1,1,0,v5,1,4,1,1,1
BUILD_ASDAN/Community_Project/COMM_W4_Partner_Update.html,357775,1a301e0330ae,v5-asdan,6,15,0,1,1,0,v5,1,4,1,1,1
BUILD_ASDAN/Community_Project/COMM_W5_Plan_the_Handover.html,359204,c8ba5cdaefc6,v5-asdan,6,15,0,1,1,0,v5,1,4,1,1,1
BUILD_ASDAN/Community_Project/COMM_W6_The_Handover_and_Its_Benefit.html,358129,d2aa7666d264,v5-asdan,6,15,0,1,1,0,v5,1,4,1,1,1
BUILD_ASDAN/Community_Project/START_HERE.html,3322,7ae262c7fae8,doc,0,0,0,0,0,0,,0,0,0,0,0
BUILD_ASDAN/Duke_and_Enterprise/DUKE_W1_Choose_My_Challenges.html,358639,c67236a72b15,v5-asdan,6,15,0,1,1,0,v5,1,4,1,1,1
BUILD_ASDAN/Duke_and_Enterprise/DUKE_W2_A_Kindness_Challenge.html,357509,703be5c9dfca,v5-asdan,6,15,0,1,1,0,v5,1,4,1,1,1
BUILD_ASDAN/Duke_and_Enterprise/DUKE_W3_An_Eco_Challenge.html,358662,fecfbe6c2f73,v5-asdan,6,15,0,1,1,0,v5,1,4,1,1,1
BUILD_ASDAN/Duke_and_Enterprise/DUKE_W4_An_Independence_Challenge.html,358175,a05965e5b0eb,v5-asdan,6,15,0,1,1,0,v5,1,4,1,1,1
BUILD_ASDAN/Duke_and_Enterprise/DUKE_W5_Our_Social_Enterprise.html,359601,8bbd9da26d50,v5-asdan,6,15,0,1,1,0,v5,1,4,1,1,1
BUILD_ASDAN/Duke_and_Enterprise/DUKE_W6_Pitch_and_Reflect.html,358483,eb0c33971b65,v5-asdan,6,15,0,1,1,0,v5,1,4,1,1,1
BUILD_ASDAN/Duke_and_Enterprise/START_HERE.html,3383,f15660b5f155,doc,0,0,0,0,0,0,,0,0,0,0,0
BUILD_ASDAN/FoodWise/FW_W1_Food_Groups.html,358661,3e57748b72e5,v5-asdan,6,15,0,1,1,0,v5,1,4,1,1,1
BUILD_ASDAN/FoodWise/FW_W2_A_Balanced_Plate.html,357324,b3978860f04c,v5-asdan,6,15,0,1,1,0,v5,1,4,1,1,1
BUILD_ASDAN/FoodWise/FW_W3_Reading_Labels.html,358459,5835740c618f,v5-asdan,6,15,0,1,1,0,v5,1,4,1,1,1
BUILD_ASDAN/FoodWise/FW_W4_Kitchen_Hygiene_and_Safety.html,358064,2ccef6fafee2,v5-asdan,6,15,0,1,1,0,v5,1,4,1,1,1
BUILD_ASDAN/FoodWise/FW_W5_Prepare_a_Healthy_Snack.html,359403,4781591e075f,v5-asdan,6,15,0,1,1,0,v5,1,4,1,1,1
BUILD_ASDAN/FoodWise/FW_W6_Plan_a_Healthy_Meal.html,358151,7a8e246f55e5,v5-asdan,6,15,0,1,1,0,v5,1,4,1,1,1
BUILD_ASDAN/FoodWise/START_HERE.html,3203,c6ef1dbf8ec3,doc,0,0,0,0,0,0,,0,0,0,0,0
BUILD_ASDAN/Living_Independently/LI_W1_Where_Money_Comes_From.html,359125,abe7cfbe1476,v5-asdan,6,15,0,1,1,0,v5,1,4,1,1,1
BUILD_ASDAN/Living_Independently/LI_W2_Notes_and_Coins.html,356549,a5d4db5a4e54,v5-asdan,6,15,0,1,1,0,v5,1,4,1,1,1
BUILD_ASDAN/Living_Independently/LI_W3_Needs_vs_Wants.html,357793,82dbe06e433b,v5-asdan,6,15,0,1,1,0,v5,1,4,1,1,1
BUILD_ASDAN/Living_Independently/LI_W4_Everyday_Prices.html,359030,40aca8d2b56c,v5-asdan,6,15,0,1,1,0,v5,1,4,1,1,1
BUILD_ASDAN/Living_Independently/LI_W5_A_Simple_Budget.html,359063,3dd6c13d255f,v5-asdan,6,15,0,1,1,0,v5,1,4,1,1,1
BUILD_ASDAN/Living_Independently/LI_W6_Shopping_and_Change.html,358179,a70476bd0f00,v5-asdan,6,15,0,1,1,0,v5,1,4,1,1,1
BUILD_ASDAN/Living_Independently/START_HERE.html,3201,6ec36947bd51,doc,0,0,0,0,0,0,,0,0,0,0,0
BUILD_ASDAN/Resources_and_Tools.html,10260,92f1aaa5807e,doc,0,0,0,0,0,0,,0,0,0,0,0
BUILD_ASDAN/Scheme_of_Work.html,9118,7b152b7b4414,doc,0,0,0,0,0,0,,0,0,0,0,0
Build/Slideshows/BUILD_DT_W1_Workshop_Audit.html,168974,810345d25104,v5-dt,6,16,0,0,1,0,v5,1,4,1,1,1
Build/Slideshows/BUILD_DT_W2_Blueprint.html,178265,f03f96baf6df,v5-dt,6,17,0,0,1,0,v5,1,4,1,1,1
Build/Slideshows/BUILD_DT_W3_Core_Cut.html,170011,6908ae345dec,v5-dt,6,16,0,0,1,0,v5,1,4,1,1,1
Build/Slideshows/BUILD_DT_W4_Assembly.html,166704,7ad97fa7d58f,v5-dt,6,15,0,0,1,0,v5,1,4,1,1,1
Build/Slideshows/BUILD_DT_W5_Finish.html,169603,0928db1642ca,v5-dt,6,15,0,0,1,0,v5,1,4,1,1,1
Build/Slideshows/BUILD_DT_W6_Handover.html,166908,5a20d2b21a67,v5-dt,6,15,0,0,1,0,v5,1,4,1,1,1
Build/Slideshows/BUILD_HUM_W1_Human_Timeline.html,60804,b32448ae6def,hum-v4,3,14,0,0,0,0,mbm,1,4,1,0,0
Build/Slideshows/BUILD_HUM_W2_History_Detectives.html,60047,6b082ff88aea,hum-v4,3,14,0,0,0,0,mbm,1,4,1,0,0
Build/Slideshows/BUILD_HUM_W3_Why_People_Came.html,59609,d7af4375337e,hum-v4,3,14,0,0,0,0,mbm,1,4,1,0,0
Build/Slideshows/BUILD_HUM_W4_People_Who_Shaped_Britain.html,60668,1c062483a695,hum-v4,3,14,0,0,0,0,mbm,1,4,1,0,0
Build/Slideshows/BUILD_HUM_W5_Big_Deal.html,60341,5fb48b588ae1,hum-v4,3,14,0,0,0,0,mbm,1,4,1,0,0
Build/Slideshows/BUILD_HUM_W6_Plan_The_Story.html,59959,b7b20351cf1b,hum-v4,3,14,0,0,0,0,mbm,1,4,1,0,0
Build/Slideshows/BUILD_HUM_W7_Tell_The_Story.html,59575,1db28d5b05ed,hum-v4,3,14,0,0,0,0,mbm,1,4,1,0,0
Build/Slideshows/BUILD_HUM_W8_Where_In_The_World.html,59963,7df547b26627,hum-v4,3,14,0,0,0,0,mbm,1,4,1,0,0
GROW_ASDAN/Community_Project/GCOMM_W1_Our_Patch_Our_Say.html,107421,eb50126820af,v5-asdan,6,15,0,1,0,1,v5,1,4,1,1,1
GROW_ASDAN/Community_Project/GCOMM_W2_Choose_The_Need.html,106447,21f3641e43fa,v5-asdan,6,15,0,1,0,1,v5,1,4,1,1,1
GROW_ASDAN/Community_Project/GCOMM_W3_Roles_Steps_Resources.html,106706,d6e3271efd08,v5-asdan,6,15,0,1,0,1,v5,1,4,1,1,1
GROW_ASDAN/Community_Project/GCOMM_W4_First_Contact.html,106982,7bf9994794ac,v5-asdan,6,15,0,1,0,1,v5,1,4,1,1,1
GROW_ASDAN/Community_Project/GCOMM_W5_Risk_And_Ready.html,109406,c288e5d6e8ad,v5-asdan,6,15,0,1,0,1,v5,1,4,1,1,1
GROW_ASDAN/Community_Project/GCOMM_W6_Green_Light.html,107398,0934d1068e9f,v5-asdan,6,15,0,1,0,1,v5,1,4,1,1,1
GROW_ASDAN/Community_Project/START_HERE.html,2898,76e96b04a58f,doc,1,0,0,0,0,0,,0,0,0,0,0
GROW_ASDAN/Enterprise/ENT_W1_Helps_And_Earns.html,107088,d63a934ebbcc,v5-asdan,6,15,0,1,0,1,v5,1,4,1,1,1
GROW_ASDAN/Enterprise/ENT_W2_Spot_The_Gap.html,106508,54457890fc7a,v5-asdan,6,15,0,1,0,1,v5,1,4,1,1,1
GROW_ASDAN/Enterprise/ENT_W3_Our_Idea_Our_Users.html,107547,600fa42c4c58,v5-asdan,6,15,0,1,0,1,v5,1,4,1,1,1
GROW_ASDAN/Enterprise/ENT_W4_Money_In_Money_Out.html,106100,c9e3337bd3cc,v5-asdan,6,15,0,1,0,1,v5,1,4,1,1,1
GROW_ASDAN/Enterprise/ENT_W5_Brand_And_Pitch.html,107222,e534644703ef,v5-asdan,6,15,0,1,0,1,v5,1,4,1,1,1
GROW_ASDAN/Enterprise/ENT_W6_Pitch_Day.html,107109,44b4a2873517,v5-asdan,6,15,0,1,0,1,v5,1,4,1,1,1
GROW_ASDAN/Enterprise/START_HERE.html,2876,5ea7171952c4,doc,1,0,0,0,0,0,,0,0,0,0,0
GROW_ASDAN/GROW_ASDAN_Hub.html,3428,7fe3fa07c66a,doc,1,0,0,0,0,0,,0,0,0,0,0
GROW_ASDAN/PEQ/PEQ_W1_Knowing_Myself.html,107227,d45cc4dfcf70,v5-asdan,6,15,0,1,0,1,v5,1,4,1,1,1
GROW_ASDAN/PEQ/PEQ_W2_Goals_That_Work.html,105890,f7857af850b2,v5-asdan,6,15,0,1,0,1,v5,1,4,1,1,1
GROW_ASDAN/PEQ/PEQ_W3_Working_With_Others.html,105934,121a189ffac0,v5-asdan,6,15,0,1,0,1,v5,1,4,1,1,1
GROW_ASDAN/PEQ/PEQ_W4_Managing_Myself.html,106268,d767c50b6aef,v5-asdan,6,15,0,1,0,1,v5,1,4,1,1,1
GROW_ASDAN/PEQ/PEQ_W5_Solving_Problems.html,106063,4763ebb743e5,v5-asdan,6,15,0,1,0,1,v5,1,4,1,1,1
GROW_ASDAN/PEQ/PEQ_W6_Present_My_Progress.html,106826,38b5d0ff32de,v5-asdan,6,15,0,1,0,1,v5,1,4,1,1,1
GROW_ASDAN/PEQ/START_HERE.html,3660,ba2253813f52,doc,1,0,0,0,0,0,,0,0,0,0,0
GROW_ASDAN/Resources_and_Tools.html,4166,221788ec6b54,doc,1,0,0,0,0,0,,0,0,0,0,0
GROW_ASDAN/Scheme_and_Resources.html,11188,ef32b0f1af6b,doc,1,0,0,0,0,0,,0,0,0,0,0
Grow/Slideshows/GROW_HUM_W1_Time_Detectives.html,60522,d34395b2737f,hum-v4,3,14,0,0,0,1,mbm,1,4,1,0,0
Grow/Slideshows/GROW_HUM_W2_Source_Detectives.html,60028,ca209c09082e,hum-v4,3,14,0,0,0,1,mbm,1,4,1,0,0
Grow/Slideshows/GROW_HUM_W3_Cause_And_Consequence.html,60609,2fc16ff27054,hum-v4,3,14,0,0,0,1,mbm,1,4,1,0,0
Grow/Slideshows/GROW_HUM_W4_People_Who_Shaped_Britain.html,60975,d10d4b7dde63,hum-v4,3,14,0,0,0,1,mbm,1,4,1,0,0
Grow/Slideshows/GROW_HUM_W5_Significance.html,60856,eda1b8aa9102,hum-v4,3,14,0,0,0,1,mbm,1,4,1,0,0
Grow/Slideshows/GROW_HUM_W6_Plan_The_Account.html,61177,eb8a0848ebe1,hum-v4,3,14,0,0,0,1,mbm,1,4,1,0,0
Grow/Slideshows/GROW_HUM_W7_Write_The_Account.html,60584,571d4770d00a,hum-v4,3,13,0,0,0,0,mbm,1,4,1,0,0
Grow/Slideshows/GROW_HUM_W8_Where_In_The_World.html,61763,7fa295221529,hum-v4,3,14,0,0,0,1,mbm,1,4,1,0,0
Humanities_Teesside/BUILD_Printable_Pack.html,9326,8902f40b192e,doc,1,0,0,0,0,0,,0,0,0,0,0
Humanities_Teesside/BUILD_Scheme_of_Work.html,7884,97fa1a5c3dcc,doc,0,0,0,0,0,0,,0,0,0,0,0
Humanities_Teesside/GROW_Printable_Pack.html,9850,3a66443d0429,doc,1,0,0,0,0,0,,0,0,0,0,0
Humanities_Teesside/GROW_Scheme_of_Work.html,8469,6685b30f700f,doc,0,0,0,0,0,0,,0,0,0,0,0
Humanities_Teesside/LAUNCH_Printable_Pack.html,9712,e3cdbd69736d,doc,1,0,0,0,0,0,,0,0,0,0,0
Humanities_Teesside/LAUNCH_Scheme_of_Work.html,7822,70f0a0d21487,doc,0,0,0,0,0,0,,0,0,0,0,0
Humanities_Teesside/Lundy_Humanities/15_MIN_TUTOR_TIME_REVIEW_OPTIONS.html,6277,bbbaef868695,doc,0,0,0,0,0,0,,0,0,0,0,0
Humanities_Teesside/Lundy_Humanities/CLAIM_EVIDENCE_REASONING_CARD.html,4975,b380b2267f3c,doc,0,0,0,0,0,0,,0,0,0,0,0
Humanities_Teesside/Lundy_Humanities/HISTORICAL_HINGE_BANK.html,8750,826298595fe3,doc,1,0,0,0,0,0,,0,0,0,0,0
Humanities_Teesside/Lundy_Humanities/HUMANITIES_MODERATION_TOOL.html,5208,06c4857d0ba3,doc,0,0,0,0,0,0,,0,0,0,0,0
Humanities_Teesside/Lundy_Humanities/INFLUENCE_REPORT_BACK_GUIDE.html,6045,2699c7bfa189,doc,0,0,0,0,0,0,,0,0,0,0,0
Humanities_Teesside/Lundy_Humanities/MAP_AND_FIELDWORK_EVIDENCE_CARD.html,5500,75ca75a4167b,doc,0,0,0,0,0,0,,0,0,0,0,0
Humanities_Teesside/Lundy_Humanities/REPRESENTATIVE_WORK_AND_CONSENT.html,4907,395f1b2f8e1b,doc,0,0,0,0,0,0,,0,0,0,0,0
Humanities_Teesside/Lundy_Humanities/SOURCE_PROVENANCE_REGISTER.html,5475,b4e1a40c7f6e,doc,0,0,0,0,0,0,,0,0,0,0,0
Humanities_Teesside/Lundy_Humanities/STAFF_ROLES_RACI.html,5415,756399c3abc4,doc,0,0,0,0,0,0,,0,0,0,0,0
Humanities_Teesside/Lundy_Humanities/START_HERE.html,6956,f70c6f15d110,doc,0,0,0,0,0,0,,0,0,0,0,0
Humanities_Teesside/Lundy_Humanities/TA_LISTENING_AND_AUTHORSHIP_CARD.html,5681,bee9f6d10fc2,doc,0,0,0,0,0,0,,0,0,0,0,0
Humanities_Teesside/Lundy_Humanities/TEACHER_DISCIPLINARY_DECISION_CARD.html,6053,6cf9687f8c7e,doc,0,0,0,0,0,0,,0,0,0,0,0
Humanities_Teesside/Lundy_Humanities/UAS_ALIGNMENT_TOOL.html,5256,ef44030ea56c,doc,0,0,0,0,0,0,,0,0,0,0,0
Humanities_Teesside/Lundy_Humanities/specimens/BUILD_HUM_W2_overlay.html,7237,1dedb7587f2b,doc,0,0,0,0,0,0,,0,0,0,0,0
Humanities_Teesside/Lundy_Humanities/specimens/GROW_HUM_W3_overlay.html,7227,661348ddfe7a,doc,0,0,0,0,0,0,,0,0,0,0,0
Humanities_Teesside/Lundy_Humanities/specimens/LAUNCH_HUM_W1_overlay.html,7655,f59fcdc1b62c,doc,0,0,0,0,0,0,,0,0,0,0,0
Humanities_Teesside/Lundy_Humanities/specimens/OBSERVATION_RECORD.html,5295,7c0a6d27fc90,doc,0,0,0,0,0,0,,0,0,0,0,0
Humanities_Teesside/Lundy_Humanities/specimens/START_HERE.html,5470,b2c862e18dc2,doc,0,0,0,0,0,0,,0,0,0,0,0
Humanities_Teesside/Pathway_Tracker.html,18194,177e9acaca8f,doc,0,0,0,0,0,0,,0,0,0,0,0
LAUNCH_ASDAN/Careers/CAREERS_W1_Know_Myself_for_Work.html,103827,40bb8c672b55,v5-asdan,6,15,0,1,0,1,v5,1,4,1,1,1
LAUNCH_ASDAN/Careers/CAREERS_W2_The_World_of_Work_and_Its_Sectors.html,103369,9b8086580211,v5-asdan,6,15,0,1,0,1,v5,1,4,1,1,1
LAUNCH_ASDAN/Careers/CAREERS_W3_Labour-Market_Information_and_Pathways.html,104043,a34f59e9d554,v5-asdan,6,15,0,1,0,1,v5,1,4,1,1,1
LAUNCH_ASDAN/Careers/CAREERS_W4_Meeting_an_Employer.html,103854,d06ddb9b3e26,v5-asdan,6,15,0,1,0,1,v5,1,4,1,1,1
LAUNCH_ASDAN/Careers/CAREERS_W5_Matching_My_Profile_to_Opportunities.html,103655,d50f9c0036a4,v5-asdan,6,15,0,1,0,1,v5,1,4,1,1,1
LAUNCH_ASDAN/Careers/CAREERS_W6_Setting_SMART_Careers_Targets.html,103540,b9a1381fe2d2,v5-asdan,6,15,0,1,0,1,v5,1,4,1,1,1
LAUNCH_ASDAN/Careers/START_HERE.html,3481,b407d241dca6,doc,1,0,0,0,0,0,,0,0,0,0,0
LAUNCH_ASDAN/Community_Enterprise/COMM_W1_Identify_a_Community_Need.html,103469,a52848bc8b27,v5-asdan,6,15,0,1,0,1,v5,1,4,1,1,1
LAUNCH_ASDAN/Community_Enterprise/COMM_W2_Plan_a_Social-Action_or_Enterprise_Project.html,103256,e830df239ca2,v5-asdan,6,15,0,1,0,1,v5,1,4,1,1,1
LAUNCH_ASDAN/Community_Enterprise/COMM_W3_Agree_Roles_Aims_and_Timeline.html,103065,860efe59553e,v5-asdan,6,15,0,1,0,1,v5,1,4,1,1,1
LAUNCH_ASDAN/Community_Enterprise/COMM_W4_Partner_with_a_Local_Group_or_Charity.html,103369,2562505d041b,v5-asdan,6,15,0,1,0,1,v5,1,4,1,1,1
LAUNCH_ASDAN/Community_Enterprise/COMM_W5_Begin_Delivering_the_Project.html,103241,4ba89752736f,v5-asdan,6,15,0,1,0,1,v5,1,4,1,1,1
LAUNCH_ASDAN/Community_Enterprise/COMM_W6_Promote_Our_Project.html,103963,197f9fe98427,v5-asdan,6,15,0,1,0,1,v5,1,4,1,1,1
LAUNCH_ASDAN/Community_Enterprise/START_HERE.html,3445,6d2e3198503c,doc,1,0,0,0,0,0,,0,0,0,0,0
LAUNCH_ASDAN/LAUNCH_ASDAN_Hub.html,5043,f3b6aa28dc5d,doc,1,0,0,0,0,0,,0,0,0,0,0
LAUNCH_ASDAN/Living_Independently/LI_W1_Self-Care_Routines_and_Organisation.html,103428,638f538c4594,v5-asdan,6,15,0,1,0,1,v5,1,4,1,1,1
LAUNCH_ASDAN/Living_Independently/LI_W2_Home_Safety_and_Hazard_Awareness.html,103457,b90ba28e7e08,v5-asdan,6,15,0,1,0,1,v5,1,4,1,1,1
LAUNCH_ASDAN/Living_Independently/LI_W3_Laundry_and_Household_Maintenance.html,103483,905b210980f7,v5-asdan,6,15,0,1,0,1,v5,1,4,1,1,1
LAUNCH_ASDAN/Living_Independently/LI_W4_Keeping_a_Clean_Safe_Living_Space.html,103241,27a52a6141db,v5-asdan,6,15,0,1,0,1,v5,1,4,1,1,1
LAUNCH_ASDAN/Living_Independently/LI_W5_Personal_Admin_and_Responsibilities.html,103505,99f6e819994b,v5-asdan,6,15,0,1,0,1,v5,1,4,1,1,1
LAUNCH_ASDAN/Living_Independently/LI_W6_Plan_and_Shop_for_a_Balanced_Meal.html,104287,6ee92c6c3ffd,v5-asdan,6,15,0,1,0,1,v5,1,4,1,1,1
LAUNCH_ASDAN/Living_Independently/START_HERE.html,3441,61544720efc4,doc,1,0,0,0,0,0,,0,0,0,0,0
LAUNCH_ASDAN/PEQ/PEQ_W1_Intro_and_Choosing_My_Level.html,105812,e03ac439f171,v5-asdan,6,15,0,1,0,1,v5,1,4,1,1,1
LAUNCH_ASDAN/PEQ/PEQ_W2_What_Makes_Communication_Effective.html,105166,272dbe484bd5,v5-asdan,6,15,0,1,0,1,v5,1,4,1,1,1
LAUNCH_ASDAN/PEQ/PEQ_W3_Active_Listening_and_Giving_Feedback.html,104907,2039e37e5a1f,v5-asdan,6,15,0,1,0,1,v5,1,4,1,1,1
LAUNCH_ASDAN/PEQ/PEQ_W4_Plan_a_Communication_Activity.html,107290,602d486e0d86,v5-asdan,6,15,0,1,0,1,v5,1,4,1,1,1
LAUNCH_ASDAN/PEQ/PEQ_W5_Deliver_the_Activity_and_Gather_Evidence.html,107675,7afbb2a37f32,v5-asdan,6,15,0,1,0,1,v5,1,4,1,1,1
LAUNCH_ASDAN/PEQ/PEQ_W6_Review_Progress_and_Sign_Off_the_Unit.html,105063,260c90860bed,v5-asdan,6,15,0,1,0,1,v5,1,4,1,1,1
LAUNCH_ASDAN/PEQ/START_HERE.html,4555,137f10d72cb6,doc,1,0,0,0,0,0,,0,0,0,0,0
LAUNCH_ASDAN/Resources_and_Tools.html,5583,7db6bef94c3c,doc,1,0,0,0,0,0,,0,0,0,0,0
LAUNCH_ASDAN/Scheme_of_Work.html,12147,8e78973fdbd0,doc,1,0,0,0,0,0,,0,0,0,0,0
LAUNCH_ASDAN/Vocational/START_HERE.html,3952,f24c3957f5b3,doc,1,0,0,0,0,0,,0,0,0,0,0
LAUNCH_ASDAN/Vocational/VOC_W1_Introduction_to_Vocational_Skills_and_Workplaces.html,103897,54b8806ab3ff,v5-asdan,6,15,0,1,0,1,v5,1,4,1,1,1
LAUNCH_ASDAN/Vocational/VOC_W2_Health_Safety_and_Hygiene_at_Work.html,103230,09aa9551c2fc,v5-asdan,6,15,0,1,0,1,v5,1,4,1,1,1
LAUNCH_ASDAN/Vocational/VOC_W3_Following_Instructions_and_Routines.html,103276,4baea34e95ad,v5-asdan,6,15,0,1,0,1,v5,1,4,1,1,1
LAUNCH_ASDAN/Vocational/VOC_W4_Teamwork_in_a_Vocational_Setting.html,102938,88d2cc909f38,v5-asdan,6,15,0,1,0,1,v5,1,4,1,1,1
LAUNCH_ASDAN/Vocational/VOC_W5_Tools_Equipment_and_Safe_Use.html,102769,a2ad22cc54cb,v5-asdan,6,15,0,1,0,1,v5,1,4,1,1,1
LAUNCH_ASDAN/Vocational/VOC_W6_Complete_a_Supported_Vocational_Task.html,103692,f263a982f758,v5-asdan,6,15,0,1,0,1,v5,1,4,1,1,1
Launch/Slideshows/LAUNCH_HUM_W1_Source_Investigation.html,61028,d235aee15bfa,hum-v4,3,14,0,0,0,1,mbm,1,4,1,0,0
Launch/Slideshows/LAUNCH_HUM_W2_Cause_Consequence_Courtroom.html,59937,031e24c62802,hum-v4,3,14,0,0,0,1,mbm,1,4,1,0,0
Launch/Slideshows/LAUNCH_HUM_W3_Archive_NOP.html,59517,e84d8985610b,hum-v4,3,14,0,0,0,1,mbm,1,4,1,0,0
Launch/Slideshows/LAUNCH_HUM_W4_Century_Of_Change.html,59882,db518ac8b829,hum-v4,3,14,0,0,0,1,mbm,1,4,1,0,0
Launch/Slideshows/LAUNCH_HUM_W5_People_Modern_Britain.html,62920,490ba90e306e,hum-v4,3,14,0,0,0,1,mbm,1,4,1,0,0
Launch/Slideshows/LAUNCH_HUM_W6_Structured_Account.html,61732,536cbd0bd716,hum-v4,3,14,0,0,0,1,mbm,1,4,1,0,0
Launch/Slideshows/LAUNCH_HUM_W7_Source_Assessment.html,62578,2380586c005f,hum-v4,3,13,0,0,0,0,mbm,1,4,1,0,0
Launch/Slideshows/LAUNCH_HUM_W8_OS_Map_Skills.html,59973,f627ddd8d35f,hum-v4,3,14,0,0,0,1,mbm,1,4,1,0,0
Science_Teesside/Build/v3_40min/BUILD_DAILY_REFLECTION_EVIDENCE_WINDOW.html,9710,e304d9d9b2bc,sci-v3-doc,1,0,0,0,0,0,,0,0,0,0,0
Science_Teesside/Build/v3_40min/BUILD_SCIENCE_PRACTICALS_MATRIX.html,11255,fa1b154297f0,sci-v3-doc,0,0,0,0,0,0,,0,0,0,0,0
Science_Teesside/Build/v3_40min/BUILD_SCIENCE_PRACTICALS_MATRIX_PROGRESS_SCHOOLS.html,11398,2f1eeac1cf23,sci-v3-doc,0,0,0,0,0,0,,0,0,0,0,0
Science_Teesside/Build/v3_40min/SCI_B_W3A_Backbones_Explore.html,60629,33c79e5962f7,sci-v3,2,1,0,0,0,0,,0,0,0,0,0
Science_Teesside/Build/v3_40min/SCI_B_W3B_Backbone_Detectives_Do.html,60459,a41716d013b3,sci-v3,2,1,0,0,0,0,,0,0,0,0,0
Science_Teesside/Build/v3_40min/SCI_B_W4A_Muscles_Explore.html,61016,44ae330e2ed9,sci-v3,2,1,0,0,0,0,,0,0,0,0,0
Science_Teesside/Build/v3_40min/SCI_B_W4B_Muscle_Model_Do.html,61294,de6b2deb1d15,sci-v3,2,1,0,0,0,0,,0,0,0,0,0
Science_Teesside/Build/v3_40min/SCI_B_W5A_Body_Needs_Explore.html,60381,d7a4c3c4a7f3,sci-v3,2,1,0,0,0,0,,0,0,0,0,0
Science_Teesside/Build/v3_40min/SCI_B_W5B_Nutrition_Mission_Do.html,59898,e73cbc36715f,sci-v3,2,1,0,0,0,0,,0,0,0,0,0
Science_Teesside/Build/v3_40min/SCI_B_W6A_Balanced_Plate_Explore.html,60300,93b31082bef1,sci-v3,2,1,0,0,0,0,,0,0,0,0,0
Science_Teesside/Build/v3_40min/SCI_B_W6B_Balanced_Plate_Do.html,59831,08e05845524a,sci-v3,2,1,0,0,0,0,,0,0,0,0,0
Science_Teesside/Build/v3_40min/SCI_B_W7A_Food_Sources_Explore.html,60340,e8a1341ed3b7,sci-v3,2,1,0,0,0,0,,0,0,0,0,0
Science_Teesside/Build/v3_40min/SCI_B_W7B_Food_Chain_Do.html,60314,64fb0c3d1b05,sci-v3,2,1,0,0,0,0,,0,0,0,0,0
Science_Teesside/Build/v3_40min/TEACHER_IMPLEMENTATION_GUIDE.html,2883,82395df0d45d,sci-v3-doc,0,0,0,0,0,0,,0,0,0,0,0
Science_Teesside/Build/v3_40min/index.html,5663,59a81c3538e2,sci-v3-doc,0,0,0,0,0,0,,0,0,0,0,0
Science_Teesside/Grow/v3_40min/GROW_SCIENCE_PRACTICALS_MATRIX.html,15405,444d00a7623e,sci-v3-doc,0,0,0,0,0,0,,0,0,0,0,0
Science_Teesside/Grow/v3_40min/GROW_SCIENCE_PRACTICALS_MATRIX_PROGRESS_SCHOOLS.html,15548,04b06ece47ea,sci-v3-doc,0,0,0,0,0,0,,0,0,0,0,0
Science_Teesside/Grow/v3_40min/LUNDY_DAILY_REFLECTION_EVIDENCE_WINDOW.html,5922,82de3feac963,sci-v3-doc,1,0,0,0,0,0,,0,0,0,0,0
Science_Teesside/Grow/v3_40min/SCI_G_W3A_Friction_Explore.html,94747,10bc946bd1a5,sci-v3,2,1,10,0,0,1,,0,0,0,0,0
Science_Teesside/Grow/v3_40min/SCI_G_W3B_Friction_Do.html,95149,e5f2ac6dc43f,sci-v3,2,1,10,0,0,1,,0,0,0,0,0
Science_Teesside/Grow/v3_40min/SCI_G_W4A_Mechanisms_Explore.html,94967,6801fae05515,sci-v3,2,1,10,0,0,1,,0,0,0,0,0
Science_Teesside/Grow/v3_40min/SCI_G_W4B_Mechanisms_Do.html,93634,b6d8b0dc996d,sci-v3,2,1,10,0,0,1,,0,0,0,0,0
Science_Teesside/Grow/v3_40min/SCI_G_W5A_Fair_Test_Explore.html,94897,e542a513617f,sci-v3,2,1,10,0,0,1,,0,0,0,0,0
Science_Teesside/Grow/v3_40min/SCI_G_W5B_Fair_Test_Do.html,95975,9dc60c48de39,sci-v3,2,1,10,0,0,1,,0,0,0,0,0
Science_Teesside/Grow/v3_40min/SCI_G_W6A_Earth_And_Planets_Explore.html,94670,8b2628501494,sci-v3,2,1,10,0,0,1,,0,0,0,0,0
Science_Teesside/Grow/v3_40min/SCI_G_W6B_Earth_And_Planets_Do.html,93912,851ba72d27b2,sci-v3,2,1,10,0,0,1,,0,0,0,0,0
Science_Teesside/Grow/v3_40min/SCI_G_W7A_The_Moon_Explore.html,86525,b2ff5ada3ec6,sci-v3,2,1,10,0,0,1,,0,0,0,0,0
Science_Teesside/Grow/v3_40min/SCI_G_W7B_The_Moon_Do.html,92975,dcf01639f0a2,sci-v3,2,1,10,0,0,1,,0,0,0,0,0
Science_Teesside/Grow/v3_40min/TEACHER_IMPLEMENTATION_GUIDE.html,5936,b1625a72f87c,sci-v3-doc,0,0,0,0,0,0,,0,0,0,0,0
Science_Teesside/Grow/v3_40min/index.html,7255,eca1324113d7,sci-v3-doc,0,0,0,0,0,0,,0,0,0,0,0
Science_Teesside/Launch/v3_40min/LAUNCH_DAILY_REFLECTION_EVIDENCE_WINDOW.html,12029,326d6133af84,sci-v3-doc,1,0,0,0,0,0,,0,0,0,0,0
Science_Teesside/Launch/v3_40min/LAUNCH_SCIENCE_PRACTICALS_MATRIX.html,20155,feb687648604,sci-v3-doc,0,0,0,0,0,0,,0,0,0,0,0
Science_Teesside/Launch/v3_40min/LAUNCH_SCIENCE_PRACTICALS_MATRIX_PROGRESS_SCHOOLS.html,20298,1e6ad5f33650,sci-v3-doc,0,0,0,0,0,0,,0,0,0,0,0
Science_Teesside/Launch/v3_40min/SCI_L_W3L1_Microscopy_Introduce.html,73934,2695720c5cb6,sci-v3,2,1,0,0,0,1,,0,0,0,0,0
Science_Teesside/Launch/v3_40min/SCI_L_W3L2_Calculating_Magnification_Explore.html,73489,0997424af531,sci-v3,2,1,0,0,0,1,,0,0,0,0,0
Science_Teesside/Launch/v3_40min/SCI_L_W3L3_Magnification_Lab_Do.html,74246,4453b482487e,sci-v3,2,1,0,0,0,1,,0,0,0,0,0
Science_Teesside/Launch/v3_40min/SCI_L_W4L1_Diffusion_Introduce.html,73279,1e3494076fa0,sci-v3,2,1,0,0,0,1,,0,0,0,0,0
Science_Teesside/Launch/v3_40min/SCI_L_W4L2_Diffusion_Lungs_Explore.html,73172,fa0222db291f,sci-v3,2,1,0,0,0,1,,0,0,0,0,0
Science_Teesside/Launch/v3_40min/SCI_L_W4L3_Diffusion_Explanation_Do.html,71984,491ed089d0f2,sci-v3,2,1,0,0,0,1,,0,0,0,0,0
Science_Teesside/Launch/v3_40min/SCI_L_W5L1_Osmosis_Introduce.html,71904,f268d9a24577,sci-v3,2,1,0,0,0,1,,0,0,0,0,0
Science_Teesside/Launch/v3_40min/SCI_L_W5L2_Osmosis_Core_Practical_Explore.html,73622,3cac97339573,sci-v3,2,1,0,0,0,1,,0,0,0,0,0
Science_Teesside/Launch/v3_40min/SCI_L_W5L3_Osmosis_Data_Do.html,76264,dc8fb8f7b6dc,sci-v3,2,1,0,0,0,1,,0,0,0,0,0
Science_Teesside/Launch/v3_40min/SCI_L_W6L1_Active_Transport_Introduce.html,72029,c52592788d67,sci-v3,2,1,0,0,0,1,,0,0,0,0,0
Science_Teesside/Launch/v3_40min/SCI_L_W6L2_Root_Hairs_And_Gut_Explore.html,71905,df922cb92131,sci-v3,2,1,0,0,0,1,,0,0,0,0,0
Science_Teesside/Launch/v3_40min/SCI_L_W6L3_Compare_Transport_Do.html,73815,3efed95b1350,sci-v3,2,1,0,0,0,1,,0,0,0,0,0
Science_Teesside/Launch/v3_40min/SCI_L_W7L1_Topic_1_Round_Up_Introduce.html,72263,27d2dd385eb7,sci-v3,2,1,0,0,0,1,,0,0,0,0,0
Science_Teesside/Launch/v3_40min/SCI_L_W7L2_Command_Words_Explore.html,71352,529e016b28a6,sci-v3,2,1,0,0,0,1,,0,0,0,0,0
Science_Teesside/Launch/v3_40min/SCI_L_W7L3_Exam_Practice_Do.html,72889,fb3678060d89,sci-v3,2,1,0,0,0,1,,0,0,0,0,0
Science_Teesside/Launch/v3_40min/TEACHER_IMPLEMENTATION_GUIDE.html,2742,2df81b3f9c51,sci-v3-doc,0,0,0,0,0,0,,0,0,0,0,0
Science_Teesside/Launch/v3_40min/index.html,6810,053a4ed1161e,sci-v3-doc,0,0,0,0,0,0,,0,0,0,0,0
