file,check,found,context
BUILD__BUILD_SCIENCE_PRACTICALS_MATRIX.html,space-before-punct,'\n:',"fit fasteners. W5–W7 food topics use printed fictional resources only : no tasting, no real food in the room, no allergy exposure, and no pup"
BUILD__BUILD_SCIENCE_PRACTICALS_MATRIX_PROGRESS_SCHOOLS.html,space-before-punct,'\n:',"fit fasteners. W5–W7 food topics use printed fictional resources only : no tasting, no real food in the room, no allergy exposure, and no pup"
BUILD__SCI_B_W3A_Backbones_Explore.html,space-before-punct,'\n?',ext step E · evidence R · responded / Audience happened // · self-edit ? · read this back This lesson stores no code or pupil response. R is n
BUILD__SCI_B_W3A_Backbones_Explore.html,space-before-punct,'\n.',"ests it. 🔤 Word help on .tier.on .box.task p .box.task h3, .box.task p . Now press the group the card evidence supports. Choose one evidence c"
BUILD__SCI_B_W3A_Backbones_Explore.html,no-qmark-on-wh,'Do not run a second explanation over th,icture first Pupils watch the model; you watch access and regulation. Do not run a second explanation over the teacher. Quietly change modality if access is the barrier. Hear the word vertebrate Hear the word invertebrate Hear the word back
BUILD__SCI_B_W3A_Backbones_Explore.html,no-qmark-on-wh,'Do not reveal the answer. Receive the p,"stion. Hear this task read aloud 🎫 Exit · adult Audience closes BUILD Do not reveal the answer. Receive the pupil response in their workable modality. Name back what you heard, then calibrate one next move. No signature t"
BUILD__SCI_B_W3B_Backbone_Detectives_Do.html,space-before-punct,'\n?',ext step E · evidence R · responded / Audience happened // · self-edit ? · read this back This lesson stores no code or pupil response. R is n
BUILD__SCI_B_W3B_Backbone_Detectives_Do.html,space-before-punct,'\n.',"ests it. 🔤 Word help on .tier.on .box.task p .box.task h3, .box.task p . Now press the group the card evidence supports. Choose one evidence c"
BUILD__SCI_B_W3B_Backbone_Detectives_Do.html,no-qmark-on-wh,'Do not run a second explanation over th,icture first Pupils watch the model; you watch access and regulation. Do not run a second explanation over the teacher. Quietly change modality if access is the barrier. Hear the word classify Hear the word vertebrate Hear the word evidence
BUILD__SCI_B_W3B_Backbone_Detectives_Do.html,no-qmark-on-wh,'Do not reveal the answer. Receive the p,"stion. Hear this task read aloud 🎫 Exit · adult Audience closes BUILD Do not reveal the answer. Receive the pupil response in their workable modality. Name back what you heard, then calibrate one next move. No signature t"
BUILD__SCI_B_W4A_Muscles_Explore.html,space-before-punct,'\n?',ext step E · evidence R · responded / Audience happened // · self-edit ? · read this back This lesson stores no code or pupil response. R is n
BUILD__SCI_B_W4A_Muscles_Explore.html,space-before-punct,' \n.',ghtening: triceps contracts while biceps relaxes. You moved the model: . Use the readout — which muscle pulled? Position unchanged. FREEZE & L
BUILD__SCI_B_W4A_Muscles_Explore.html,no-qmark-on-wh,'Do not run a second explanation over th,icture first Pupils watch the model; you watch access and regulation. Do not run a second explanation over the teacher. Quietly change modality if access is the barrier. Hear the word contracts Hear the word relaxes Hear the word muscle pai
BUILD__SCI_B_W4A_Muscles_Explore.html,no-qmark-on-wh,'Do not reveal the answer. Receive the p,"stion. Hear this task read aloud 🎫 Exit · adult Audience closes BUILD Do not reveal the answer. Receive the pupil response in their workable modality. Name back what you heard, then calibrate one next move. No signature t"
BUILD__SCI_B_W4B_Muscle_Model_Do.html,space-before-punct,'\n?',ext step E · evidence R · responded / Audience happened // · self-edit ? · read this back This lesson stores no code or pupil response. R is n
BUILD__SCI_B_W4B_Muscle_Model_Do.html,space-before-punct,' \n.',ghtening: triceps contracts while biceps relaxes. You moved the model: . Use the readout — which muscle pulled? Position unchanged. FREEZE & L
BUILD__SCI_B_W4B_Muscle_Model_Do.html,no-qmark-on-wh,'Do not run a second explanation over th,icture first Pupils watch the model; you watch access and regulation. Do not run a second explanation over the teacher. Quietly change modality if access is the barrier. Hear the word model Hear the word contracts Hear the word limitation 🤝
BUILD__SCI_B_W4B_Muscle_Model_Do.html,no-qmark-on-wh,'Do not reveal the answer. Receive the p,"stion. Hear this task read aloud 🎫 Exit · adult Audience closes BUILD Do not reveal the answer. Receive the pupil response in their workable modality. Name back what you heard, then calibrate one next move. No signature t"
BUILD__SCI_B_W5A_Body_Needs_Explore.html,space-before-punct,'\n?',ext step E · evidence R · responded / Audience happened // · self-edit ? · read this back This lesson stores no code or pupil response. R is n
BUILD__SCI_B_W5A_Body_Needs_Explore.html,space-before-punct,'\n.',"ests it. 🔤 Word help on .tier.on .box.task p .box.task h3, .box.task p . Now press the group the card evidence supports. Choose one evidence c"
BUILD__SCI_B_W5A_Body_Needs_Explore.html,no-qmark-on-wh,'Do not run a second explanation over th,icture first Pupils watch the model; you watch access and regulation. Do not run a second explanation over the teacher. Quietly change modality if access is the barrier. Hear the word nutrition Hear the word nutrient Hear the word function
BUILD__SCI_B_W5A_Body_Needs_Explore.html,no-qmark-on-wh,'Do not reveal the answer. Receive the p,"stion. Hear this task read aloud 🎫 Exit · adult Audience closes BUILD Do not reveal the answer. Receive the pupil response in their workable modality. Name back what you heard, then calibrate one next move. No signature t"
BUILD__SCI_B_W5B_Nutrition_Mission_Do.html,space-before-punct,'\n?',ext step E · evidence R · responded / Audience happened // · self-edit ? · read this back This lesson stores no code or pupil response. R is n
BUILD__SCI_B_W5B_Nutrition_Mission_Do.html,space-before-punct,'\n.',"ests it. 🔤 Word help on .tier.on .box.task p .box.task h3, .box.task p . Now press the group the card evidence supports. Choose one evidence c"
BUILD__SCI_B_W5B_Nutrition_Mission_Do.html,no-qmark-on-wh,'Do not run a second explanation over th,icture first Pupils watch the model; you watch access and regulation. Do not run a second explanation over the teacher. Quietly change modality if access is the barrier. Hear the word evidence Hear the word nutrient Hear the word revise 🤝 W
BUILD__SCI_B_W5B_Nutrition_Mission_Do.html,no-qmark-on-wh,'Do not reveal the answer. Receive the p,"stion. Hear this task read aloud 🎫 Exit · adult Audience closes BUILD Do not reveal the answer. Receive the pupil response in their workable modality. Name back what you heard, then calibrate one next move. No signature t"
BUILD__SCI_B_W6A_Balanced_Plate_Explore.html,space-before-punct,'\n?',ext step E · evidence R · responded / Audience happened // · self-edit ? · read this back This lesson stores no code or pupil response. R is n
BUILD__SCI_B_W6A_Balanced_Plate_Explore.html,space-before-punct,'\n.',"ests it. 🔤 Word help on .tier.on .box.task p .box.task h3, .box.task p . Now press the group the card evidence supports. Choose one evidence c"
BUILD__SCI_B_W6A_Balanced_Plate_Explore.html,no-qmark-on-wh,'Do not run a second explanation over th,icture first Pupils watch the model; you watch access and regulation. Do not run a second explanation over the teacher. Quietly change modality if access is the barrier. Hear the word food group Hear the word classify Hear the word balance
BUILD__SCI_B_W6A_Balanced_Plate_Explore.html,no-qmark-on-wh,'Do not reveal the answer. Receive the p,"stion. Hear this task read aloud 🎫 Exit · adult Audience closes BUILD Do not reveal the answer. Receive the pupil response in their workable modality. Name back what you heard, then calibrate one next move. No signature t"
BUILD__SCI_B_W6B_Balanced_Plate_Do.html,space-before-punct,'\n?',ext step E · evidence R · responded / Audience happened // · self-edit ? · read this back This lesson stores no code or pupil response. R is n
BUILD__SCI_B_W6B_Balanced_Plate_Do.html,space-before-punct,'\n.',"ests it. 🔤 Word help on .tier.on .box.task p .box.task h3, .box.task p . Now press the group the card evidence supports. Choose one evidence c"
BUILD__SCI_B_W6B_Balanced_Plate_Do.html,no-qmark-on-wh,'Do not run a second explanation over th,icture first Pupils watch the model; you watch access and regulation. Do not run a second explanation over the teacher. Quietly change modality if access is the barrier. Hear the word criterion Hear the word model Hear the word revise 🤝 We
BUILD__SCI_B_W6B_Balanced_Plate_Do.html,no-qmark-on-wh,'Do not reveal the answer. Receive the p,"stion. Hear this task read aloud 🎫 Exit · adult Audience closes BUILD Do not reveal the answer. Receive the pupil response in their workable modality. Name back what you heard, then calibrate one next move. No signature t"
BUILD__SCI_B_W7A_Food_Sources_Explore.html,space-before-punct,'\n.',": read the finished chain in words — food source → animal that eats it . The words carry the meaning, not the arrow alone. 1 · Choose a card."
BUILD__SCI_B_W7A_Food_Sources_Explore.html,space-before-punct,'\n?',ext step E · evidence R · responded / Audience happened // · self-edit ? · read this back This lesson stores no code or pupil response. R is n
BUILD__SCI_B_W7A_Food_Sources_Explore.html,space-before-punct,'\n.',Supplied evidence: fox eats rabbit in this example. 3px solid #7c3aed . Choose one card; the supplied evidence tells you its place. . Now pre
BUILD__SCI_B_W7A_Food_Sources_Explore.html,space-before-punct,'\n.',#7c3aed . Choose one card; the supplied evidence tells you its place. . Now press its place in the chain. Choose one card first. Then choose
BUILD__SCI_B_W7A_Food_Sources_Explore.html,no-qmark-on-wh,'Do not run a second explanation over th,icture first Pupils watch the model; you watch access and regulation. Do not run a second explanation over the teacher. Quietly change modality if access is the barrier. Hear the word food source Hear the word food chain Hear the word evide
BUILD__SCI_B_W7A_Food_Sources_Explore.html,no-qmark-on-wh,'Do not reveal the answer. Receive the p,"stion. Hear this task read aloud 🎫 Exit · adult Audience closes BUILD Do not reveal the answer. Receive the pupil response in their workable modality. Name back what you heard, then calibrate one next move. No signature t"
BUILD__SCI_B_W7B_Food_Chain_Do.html,space-before-punct,'\n.',": read the finished chain in words — food source → animal that eats it . The words carry the meaning, not the arrow alone. 1 · Choose a card."
BUILD__SCI_B_W7B_Food_Chain_Do.html,space-before-punct,'\n?',ext step E · evidence R · responded / Audience happened // · self-edit ? · read this back This lesson stores no code or pupil response. R is n
BUILD__SCI_B_W7B_Food_Chain_Do.html,space-before-punct,'\n.',Supplied evidence: fox eats rabbit in this example. 3px solid #7c3aed . Choose one card; the supplied evidence tells you its place. . Now pre
BUILD__SCI_B_W7B_Food_Chain_Do.html,space-before-punct,'\n.',#7c3aed . Choose one card; the supplied evidence tells you its place. . Now press its place in the chain. Choose one card first. Then choose
BUILD__SCI_B_W7B_Food_Chain_Do.html,no-qmark-on-wh,'Do not run a second explanation over th,icture first Pupils watch the model; you watch access and regulation. Do not run a second explanation over the teacher. Quietly change modality if access is the barrier. Hear the word relationship Hear the word revise Hear the word food cha
BUILD__SCI_B_W7B_Food_Chain_Do.html,no-qmark-on-wh,'Do not reveal the answer. Receive the p,"stion. Hear this task read aloud 🎫 Exit · adult Audience closes BUILD Do not reveal the answer. Receive the pupil response in their workable modality. Name back what you heard, then calibrate one next move. No signature t"
BUILD__TEACHER_IMPLEMENTATION_GUIDE.html,no-qmark-on-wh,'How to keep the lessons exciting withou,he Lessons catalogue. BUILD Science v3 · Teacher Implementation Guide How to keep the lessons exciting without allowing the activity to replace the learning. 1 · The non-negotiable lesson grammar Arrival retrieves the actual pre
GROW__GROW_SCIENCE_PRACTICALS_MATRIX.html,space-before-punct,'\n:',". Hands clear of the run-off. Light loads only. In-lesson results tool : enter three distances, the bar chart redraws. Typed entry, keyboard-o"
GROW__GROW_SCIENCE_PRACTICALS_MATRIX.html,space-before-punct,'\n.',gers clear of the pivot and of the falling load — both are trap points . An adult positions the load for any pupil who cannot judge the drop.
GROW__GROW_SCIENCE_PRACTICALS_MATRIX.html,space-before-punct,'\n:',he load for any pupil who cannot judge the drop. In-lesson lever model : pivot slider with a written explanation of the effort/distance trade.
GROW__GROW_SCIENCE_PRACTICALS_MATRIX.html,space-before-punct,'\n:',plan before any equipment is used in W5B. In-lesson method repair tool : three checkboxes and a written verdict on whether the method can answ
GROW__GROW_SCIENCE_PRACTICALS_MATRIX.html,space-before-punct,'\n:',"ree who releases and who measures before starting. In-lesson data tool : nine readings in, three means and a bar chart out, with a written pro"
GROW__GROW_SCIENCE_PRACTICALS_MATRIX.html,space-before-punct,'\n:',"e desk version where floor work is not safe. In-lesson Mission Control : order the eight planets by button, with a reset, and a written prompt"
GROW__GROW_SCIENCE_PRACTICALS_MATRIX.html,space-before-punct,'\n:',"clear of walkways. String stays short and flat. In-lesson orbit model : four orbital positions by button, each with a written gravity/motion"
GROW__GROW_SCIENCE_PRACTICALS_MATRIX.html,space-before-punct,'\n:',"would distress a pupil or make movement unsafe. In-lesson phase model : four positions by button, each stating that the effect is viewing geo"
GROW__GROW_SCIENCE_PRACTICALS_MATRIX.html,no-qmark-on-wh,'Do not point light at faces. Pre-punche,"in or punches a hole. Test the lamp position before the lesson. 5 min Do not point light at faces. Pre-punched or ready-made wheels only. Keep the movement area clear before anyone stands up. In-lesson phase model used as a four-phase route (New, First quarter,"
GROW__GROW_SCIENCE_PRACTICALS_MATRIX_PROGRESS_SCHOOLS.html,space-before-punct,'\n:',". Hands clear of the run-off. Light loads only. In-lesson results tool : enter three distances, the bar chart redraws. Typed entry, keyboard-o"
GROW__GROW_SCIENCE_PRACTICALS_MATRIX_PROGRESS_SCHOOLS.html,space-before-punct,'\n.',gers clear of the pivot and of the falling load — both are trap points . An adult positions the load for any pupil who cannot judge the drop.
GROW__GROW_SCIENCE_PRACTICALS_MATRIX_PROGRESS_SCHOOLS.html,space-before-punct,'\n:',he load for any pupil who cannot judge the drop. In-lesson lever model : pivot slider with a written explanation of the effort/distance trade.
GROW__GROW_SCIENCE_PRACTICALS_MATRIX_PROGRESS_SCHOOLS.html,space-before-punct,'\n:',plan before any equipment is used in W5B. In-lesson method repair tool : three checkboxes and a written verdict on whether the method can answ
GROW__GROW_SCIENCE_PRACTICALS_MATRIX_PROGRESS_SCHOOLS.html,space-before-punct,'\n:',"ree who releases and who measures before starting. In-lesson data tool : nine readings in, three means and a bar chart out, with a written pro"
GROW__GROW_SCIENCE_PRACTICALS_MATRIX_PROGRESS_SCHOOLS.html,space-before-punct,'\n:',"e desk version where floor work is not safe. In-lesson Mission Control : order the eight planets by button, with a reset, and a written prompt"
GROW__GROW_SCIENCE_PRACTICALS_MATRIX_PROGRESS_SCHOOLS.html,space-before-punct,'\n:',"clear of walkways. String stays short and flat. In-lesson orbit model : four orbital positions by button, each with a written gravity/motion"
GROW__GROW_SCIENCE_PRACTICALS_MATRIX_PROGRESS_SCHOOLS.html,space-before-punct,'\n:',"would distress a pupil or make movement unsafe. In-lesson phase model : four positions by button, each stating that the effect is viewing geo"
GROW__GROW_SCIENCE_PRACTICALS_MATRIX_PROGRESS_SCHOOLS.html,no-qmark-on-wh,'Do not point light at faces. Pre-punche,"in or punches a hole. Test the lamp position before the lesson. 5 min Do not point light at faces. Pre-punched or ready-made wheels only. Keep the movement area clear before anyone stands up. In-lesson phase model used as a four-phase route (New, First quarter,"
GROW__LUNDY_DAILY_REFLECTION_EVIDENCE_WINDOW.html,space-before-punct,'\n?',es it. The lesson files never upload automatically. VF WS I NS+ E R // ? R only after genuine Audience. Use codes on the actual school workflo
GROW__LUNDY_DAILY_REFLECTION_EVIDENCE_WINDOW.html,no-qmark-on-wh,'Do not mistake recording for Audience. ,s or watches — then names back the content: “You said / showed ____.” Do not mistake recording for Audience. A clip that nobody listens to has not been received. 3 min 4 · INFLUENCE Make the response change tomorrow: next instructio
GROW__SCI_G_W3A_Friction_Explore.html,space-before-punct,'\n?',"dict, before you test Which surface will let the block travel furthest ? ▲ Rough ◎ Medium ✳ Smooth Choose one. Say it, point to it, or press i"
GROW__SCI_G_W3A_Friction_Explore.html,space-before-punct,'\n?',"· evidence on Earwig R · responded / Audience happened // · self-edit ? · read this back Important: this lesson does not write codes, store p"
GROW__SCI_G_W3A_Friction_Explore.html,space-before-punct,' \n.',oing. Add all three positive distances first. The shortest distance is . In this comparison that suggests the greatest friction. Use the actua
GROW__SCI_G_W3A_Friction_Explore.html,space-before-punct,'\n:',"strip, then continue. Start again with the planet closest to the Sun. : point an imaginary gravity arrow toward the Sun and a motion arrow al"
GROW__SCI_G_W3A_Friction_Explore.html,space-before-punct,' \n.',", a drawer runner or a skate. .gl-predict .gl-btn Prediction received: . Nothing is marked. Test them and find out. <div class=""gl-name""> </di"
GROW__SCI_G_W3A_Friction_Explore.html,space-before-punct,'\n.',"m and find out. <div class=""gl-name""> </div><p style=""margin:5px 0 0""> . Each result stays on the list so you can compare them. All three are"
GROW__SCI_G_W3A_Friction_Explore.html,no-qmark-on-wh,'Do not run a second explanation over th,"question for the I Do. 🌱 Starter · make the new idea worth knowing 0 Do not run a second explanation over the teacher. If secure, reduce proximity; if access is the barrier, quietly change modality. 👩‍🏫 I Do · model the first concept Friction visual showing shoe grip,"
GROW__SCI_G_W3A_Friction_Explore.html,no-qmark-on-wh,'Do not run a second explanation over th,"o slow the wheel. Ask where resistance is wanted rather than reduced. Do not run a second explanation over the teacher. If secure, reduce proximity; if access is the barrier, quietly change modality. 👩‍🏫 I Do 2 · expand or connect Secure → unfamiliar example/reduce prom"
GROW__SCI_G_W3A_Friction_Explore.html,no-qmark-on-wh,"'What I said, and what it changed. Write","changes because of it. 🎫 Exit ticket · response becomes the next step What I said, and what it changed. Write one line about what you said today and what changed because of it. What I said, and what it changed Write your own line here, or an adult"
GROW__SCI_G_W3B_Friction_Do.html,space-before-punct,'\n?',"· evidence on Earwig R · responded / Audience happened // · self-edit ? · read this back Important: this lesson does not write codes, store p"
GROW__SCI_G_W3B_Friction_Do.html,space-before-punct,' \n.',oing. Add all three positive distances first. The shortest distance is . In this comparison that suggests the greatest friction. Use the actua
GROW__SCI_G_W3B_Friction_Do.html,space-before-punct,'\n:',"strip, then continue. Start again with the planet closest to the Sun. : point an imaginary gravity arrow toward the Sun and a motion arrow al"
GROW__SCI_G_W3B_Friction_Do.html,space-before-punct,' \n.',"g does not fit the other two. .gl-predict .gl-btn Prediction received: . Nothing is marked. Test them and find out. <div class=""gl-name""> </di"
GROW__SCI_G_W3B_Friction_Do.html,space-before-punct,'\n.',"m and find out. <div class=""gl-name""> </div><p style=""margin:5px 0 0""> . Each result stays on the list so you can compare them. All three are"
GROW__SCI_G_W3B_Friction_Do.html,no-qmark-on-wh,'Do not run a second explanation over th,"question for the I Do. 🌱 Starter · make the new idea worth knowing 0 Do not run a second explanation over the teacher. If secure, reduce proximity; if access is the barrier, quietly change modality. 👩‍🏫 I Do · model the first concept Friction visual showing shoe grip,"
GROW__SCI_G_W3B_Friction_Do.html,no-qmark-on-wh,'Do not run a second explanation over th,"e. If two things change, you cannot tell which caused the difference. Do not run a second explanation over the teacher. If secure, reduce proximity; if access is the barrier, quietly change modality. 👩‍🏫 I Do 2 · expand or connect Secure → unfamiliar example/reduce prom"
GROW__SCI_G_W3B_Friction_Do.html,no-qmark-on-wh,"'What I said, and what it changed. Write","changes because of it. 🎫 Exit ticket · response becomes the next step What I said, and what it changed. Write one line about what you said today and what changed because of it. What I said, and what it changed Write your own line here, or an adult"
GROW__SCI_G_W4A_Mechanisms_Explore.html,space-before-punct,'\n?',"· evidence on Earwig R · responded / Audience happened // · self-edit ? · read this back Important: this lesson does not write codes, store p"
GROW__SCI_G_W4A_Mechanisms_Explore.html,space-before-punct,' \n.',oing. Add all three positive distances first. The shortest distance is . In this comparison that suggests the greatest friction. Use the actua
GROW__SCI_G_W4A_Mechanisms_Explore.html,space-before-punct,'\n:',"strip, then continue. Start again with the planet closest to the Sun. : point an imaginary gravity arrow toward the Sun and a motion arrow al"
GROW__SCI_G_W4A_Mechanisms_Explore.html,space-before-punct,' \n.',", direction or turning force. .mh-predict .mh-btn Prediction received: . Nothing is marked. Test all three and find out. <div class=""mh-name"">"
GROW__SCI_G_W4A_Mechanisms_Explore.html,no-qmark-on-wh,'Do not run a second explanation over th,"question for the I Do. 🌱 Starter · make the new idea worth knowing 0 Do not run a second explanation over the teacher. If secure, reduce proximity; if access is the barrier, quietly change modality. 👩‍🏫 I Do · model the first concept Lever pulley and gears visual Secur"
GROW__SCI_G_W4A_Mechanisms_Explore.html,no-qmark-on-wh,'Do not run a second explanation over th,"vide the effort. The pivot is the fixed point the lever turns around. Do not run a second explanation over the teacher. If secure, reduce proximity; if access is the barrier, quietly change modality. 👩‍🏫 I Do 2 · expand or connect Secure → unfamiliar example/reduce prom"
GROW__SCI_G_W4A_Mechanisms_Explore.html,no-qmark-on-wh,"'What I said, and what it changed. Write","changes because of it. 🎫 Exit ticket · response becomes the next step What I said, and what it changed. Write one line about what you said today and what changed because of it. What I said, and what it changed Write your own line here, or an adult"
GROW__SCI_G_W4B_Mechanisms_Do.html,space-before-punct,'\n?',"redict, before you test Where should the pivot go for the least effort ? ▲ Near the load ◎ In the middle ✳ Near your hands Choose one. Say it,"
GROW__SCI_G_W4B_Mechanisms_Do.html,space-before-punct,'\n?',"· evidence on Earwig R · responded / Audience happened // · self-edit ? · read this back Important: this lesson does not write codes, store p"
GROW__SCI_G_W4B_Mechanisms_Do.html,space-before-punct,' \n.',oing. Add all three positive distances first. The shortest distance is . In this comparison that suggests the greatest friction. Use the actua
GROW__SCI_G_W4B_Mechanisms_Do.html,space-before-punct,'\n:',"strip, then continue. Start again with the planet closest to the Sun. : point an imaginary gravity arrow toward the Sun and a motion arrow al"
GROW__SCI_G_W4B_Mechanisms_Do.html,space-before-punct,' \n.',"ift the load the same height. .gl-predict .gl-btn Prediction received: . Nothing is marked. Test them and find out. <div class=""gl-name""> </di"
GROW__SCI_G_W4B_Mechanisms_Do.html,space-before-punct,'\n.',"m and find out. <div class=""gl-name""> </div><p style=""margin:5px 0 0""> . Each result stays on the list so you can compare them. All three are"
GROW__SCI_G_W4B_Mechanisms_Do.html,no-qmark-on-wh,'Do not run a second explanation over th,"question for the I Do. 🌱 Starter · make the new idea worth knowing 0 Do not run a second explanation over the teacher. If secure, reduce proximity; if access is the barrier, quietly change modality. 👩‍🏫 I Do · model the first concept Lever pulley and gears visual Secur"
GROW__SCI_G_W4B_Mechanisms_Do.html,no-qmark-on-wh,'Do not run a second explanation over th,"h a greater distance. Think about the longer effort arm in the model. Do not run a second explanation over the teacher. If secure, reduce proximity; if access is the barrier, quietly change modality. 👩‍🏫 I Do 2 · expand or connect Secure → unfamiliar example/reduce prom"
GROW__SCI_G_W4B_Mechanisms_Do.html,no-qmark-on-wh,"'What I said, and what it changed. Write","changes because of it. 🎫 Exit ticket · response becomes the next step What I said, and what it changed. Write one line about what you said today and what changed because of it. What I said, and what it changed Write your own line here, or an adult"
GROW__SCI_G_W5A_Fair_Test_Explore.html,space-before-punct,'\n?',"does surface affect how far the trolley rolls? What should we measure ? ▲ Distance rolled ◎ Ramp height ✳ Time of day Choose one. Say it, poi"
GROW__SCI_G_W5A_Fair_Test_Explore.html,space-before-punct,'\n?',"· evidence on Earwig R · responded / Audience happened // · self-edit ? · read this back Important: this lesson does not write codes, store p"
GROW__SCI_G_W5A_Fair_Test_Explore.html,space-before-punct,' \n.',oing. Add all three positive distances first. The shortest distance is . In this comparison that suggests the greatest friction. Use the actua
GROW__SCI_G_W5A_Fair_Test_Explore.html,space-before-punct,'\n:',"strip, then continue. Start again with the planet closest to the Sun. : point an imaginary gravity arrow toward the Sun and a motion arrow al"
GROW__SCI_G_W5A_Fair_Test_Explore.html,space-before-punct,' \n.',"lls us nothing about surface. .gl-predict .gl-btn Prediction received: . Nothing is marked. Test them and find out. <div class=""gl-name""> </di"
GROW__SCI_G_W5A_Fair_Test_Explore.html,space-before-punct,'\n.',"m and find out. <div class=""gl-name""> </div><p style=""margin:5px 0 0""> . Each result stays on the list so you can compare them. All three are"
GROW__SCI_G_W5A_Fair_Test_Explore.html,no-qmark-on-wh,'Do not run a second explanation over th,"question for the I Do. 🌱 Starter · make the new idea worth knowing 0 Do not run a second explanation over the teacher. If secure, reduce proximity; if access is the barrier, quietly change modality. 👩‍🏫 I Do · model the first concept Fair test visual showing change mea"
GROW__SCI_G_W5A_Fair_Test_Explore.html,no-qmark-on-wh,'Do not run a second explanation over th,"dependent variable. The dependent variable is the thing you measure. Do not run a second explanation over the teacher. If secure, reduce proximity; if access is the barrier, quietly change modality. 👩‍🏫 I Do 2 · expand or connect Secure → unfamiliar example/reduce prom"
GROW__SCI_G_W5A_Fair_Test_Explore.html,no-qmark-on-wh,"'What I said, and what it changed. Write","changes because of it. 🎫 Exit ticket · response becomes the next step What I said, and what it changed. Write one line about what you said today and what changed because of it. What I said, and what it changed Write your own line here, or an adult"
GROW__SCI_G_W5B_Fair_Test_Do.html,space-before-punct,'\n?',"edict, before you test Which set of three repeats would you trust most ? ▲ Set A ◎ Set B ✳ Set C Choose one. Say it, point to it, or press it."
GROW__SCI_G_W5B_Fair_Test_Do.html,space-before-punct,'\n?',"· evidence on Earwig R · responded / Audience happened // · self-edit ? · read this back Important: this lesson does not write codes, store p"
GROW__SCI_G_W5B_Fair_Test_Do.html,space-before-punct,' \n.',oing. Add all three positive distances first. The shortest distance is . In this comparison that suggests the greatest friction. Use the actua
GROW__SCI_G_W5B_Fair_Test_Do.html,space-before-punct,'\n:',"strip, then continue. Start again with the planet closest to the Sun. : point an imaginary gravity arrow toward the Sun and a motion arrow al"
GROW__SCI_G_W5B_Fair_Test_Do.html,space-before-punct,' \n.',"the method is not controlled. .gl-predict .gl-btn Prediction received: . Nothing is marked. Test them and find out. <div class=""gl-name""> </di"
GROW__SCI_G_W5B_Fair_Test_Do.html,space-before-punct,'\n.',"m and find out. <div class=""gl-name""> </div><p style=""margin:5px 0 0""> . Each result stays on the list so you can compare them. All three are"
GROW__SCI_G_W5B_Fair_Test_Do.html,no-qmark-on-wh,'Do not run a second explanation over th,"question for the I Do. 🌱 Starter · make the new idea worth knowing 0 Do not run a second explanation over the teacher. If secure, reduce proximity; if access is the barrier, quietly change modality. 👩‍🏫 I Do · model the first concept Fair test visual showing change mea"
GROW__SCI_G_W5B_Fair_Test_Do.html,no-qmark-on-wh,'Do not run a second explanation over th,"eat if useful. Unexpected data is information before it is a problem. Do not run a second explanation over the teacher. If secure, reduce proximity; if access is the barrier, quietly change modality. 👩‍🏫 I Do 2 · expand or connect Secure → unfamiliar example/reduce prom"
GROW__SCI_G_W5B_Fair_Test_Do.html,no-qmark-on-wh,"'What I said, and what it changed. Write","changes because of it. 🎫 Exit ticket · response becomes the next step What I said, and what it changed. Write one line about what you said today and what changed because of it. What I said, and what it changed Write your own line here, or an adult"
GROW__SCI_G_W5B_Fair_Test_Do.html,straight-apostrophe,"""r's""",exact words. Next step up: Standard — Week 4: what does moving a lever's pivot change? R3 Week 3 Say which surface gripped most. Non-reading r
GROW__SCI_G_W5B_Fair_Test_Do.html,straight-apostrophe,"""r's""","r the result means anything. R2 Week 4 Week 4: what does moving a lever's pivot change? Non-reading route: point to it, say it, or show it. An"
GROW__SCI_G_W5B_Fair_Test_Do.html,straight-apostrophe,"""r's""",. Name each for our test. R2 · Week 4: Week 4: what does moving a lever's pivot change? R3 · Week 3: Week 3: which surface gave the most fricti
GROW__SCI_G_W5B_Fair_Test_Do.html,straight-apostrophe,"""r's""","keep the same. Name each for our test. Week 4: what does moving a lever's pivot change? Week 3: which surface gave the most friction, and how d"
GROW__SCI_G_W6A_Earth_And_Planets_Explore.html,space-before-punct,'\n?',"· evidence on Earwig R · responded / Audience happened // · self-edit ? · read this back Important: this lesson does not write codes, store p"
GROW__SCI_G_W6A_Earth_And_Planets_Explore.html,space-before-punct,' \n.',oing. Add all three positive distances first. The shortest distance is . In this comparison that suggests the greatest friction. Use the actua
GROW__SCI_G_W6A_Earth_And_Planets_Explore.html,space-before-punct,'\n:',"strip, then continue. Start again with the planet closest to the Sun. : point an imaginary gravity arrow toward the Sun and a motion arrow al"
GROW__SCI_G_W6A_Earth_And_Planets_Explore.html,space-before-punct,' \n.',"away and nothing pulls it in. .gl-predict .gl-btn Prediction received: . Nothing is marked. Test them and find out. <div class=""gl-name""> </di"
GROW__SCI_G_W6A_Earth_And_Planets_Explore.html,space-before-punct,'\n.',"m and find out. <div class=""gl-name""> </div><p style=""margin:5px 0 0""> . Each result stays on the list so you can compare them. All three are"
GROW__SCI_G_W6A_Earth_And_Planets_Explore.html,no-qmark-on-wh,'Do not run a second explanation over th,"question for the I Do. 🌱 Starter · make the new idea worth knowing 0 Do not run a second explanation over the teacher. If secure, reduce proximity; if access is the barrier, quietly change modality. 👩‍🏫 I Do · model the first concept Solar System visual with the Sun an"
GROW__SCI_G_W6A_Earth_And_Planets_Explore.html,no-qmark-on-wh,'Do not run a second explanation over th,". The further out a planet is, the larger its journey around the Sun. Do not run a second explanation over the teacher. If secure, reduce proximity; if access is the barrier, quietly change modality. 👩‍🏫 I Do 2 · expand or connect Secure → unfamiliar example/reduce prom"
GROW__SCI_G_W6A_Earth_And_Planets_Explore.html,no-qmark-on-wh,"'What I said, and what it changed. Write","changes because of it. 🎫 Exit ticket · response becomes the next step What I said, and what it changed. Write one line about what you said today and what changed because of it. What I said, and what it changed Write your own line here, or an adult"
GROW__SCI_G_W6A_Earth_And_Planets_Explore.html,straight-apostrophe,"""n's""","overs why they stay there. Step 1 · Predict, before you test If the Sun's gravity switched off, what would a planet do? ▲ Fly off in a straight"
GROW__SCI_G_W6A_Earth_And_Planets_Explore.html,straight-apostrophe,"""y's""",s in order. ☐ Classified planets as rocky or giant. ☐ Explained gravity's role in maintaining an orbit. Assessor comment Ring the tier the pupi
GROW__SCI_G_W6B_Earth_And_Planets_Do.html,space-before-punct,'\n?',"· evidence on Earwig R · responded / Audience happened // · self-edit ? · read this back Important: this lesson does not write codes, store p"
GROW__SCI_G_W6B_Earth_And_Planets_Do.html,space-before-punct,' \n.',oing. Add all three positive distances first. The shortest distance is . In this comparison that suggests the greatest friction. Use the actua
GROW__SCI_G_W6B_Earth_And_Planets_Do.html,space-before-punct,'\n:',"strip, then continue. Start again with the planet closest to the Sun. : point an imaginary gravity arrow toward the Sun and a motion arrow al"
GROW__SCI_G_W6B_Earth_And_Planets_Do.html,space-before-punct,' \n.',"st give up fitting on a page. .gl-predict .gl-btn Prediction received: . Nothing is marked. Test them and find out. <div class=""gl-name""> </di"
GROW__SCI_G_W6B_Earth_And_Planets_Do.html,space-before-punct,'\n.',"m and find out. <div class=""gl-name""> </div><p style=""margin:5px 0 0""> . Each result stays on the list so you can compare them. All three are"
GROW__SCI_G_W6B_Earth_And_Planets_Do.html,no-qmark-on-wh,'Do not run a second explanation over th,"question for the I Do. 🌱 Starter · make the new idea worth knowing 0 Do not run a second explanation over the teacher. If secure, reduce proximity; if access is the barrier, quietly change modality. 👩‍🏫 I Do · model the first concept Solar System visual with the Sun an"
GROW__SCI_G_W6B_Earth_And_Planets_Do.html,no-qmark-on-wh,'Do not run a second explanation over th,"usly, bending its path. Look for the inward force in the orbit model. Do not run a second explanation over the teacher. If secure, reduce proximity; if access is the barrier, quietly change modality. 👩‍🏫 I Do 2 · expand or connect Secure → unfamiliar example/reduce prom"
GROW__SCI_G_W6B_Earth_And_Planets_Do.html,no-qmark-on-wh,"'What I said, and what it changed. Write","changes because of it. 🎫 Exit ticket · response becomes the next step What I said, and what it changed. Write one line about what you said today and what changed because of it. What I said, and what it changed Write your own line here, or an adult"
GROW__SCI_G_W6B_Earth_And_Planets_Do.html,straight-apostrophe,"""y's""",s in order. ☐ Classified planets as rocky or giant. ☐ Explained gravity's role in maintaining an orbit. Assessor comment Ring the tier the pupi
GROW__SCI_G_W7A_The_Moon_Explore.html,space-before-punct,'\n?',"· evidence on Earwig R · responded / Audience happened // · self-edit ? · read this back Important: this lesson does not write codes, store p"
GROW__SCI_G_W7A_The_Moon_Explore.html,space-before-punct,' \n.',oing. Add all three positive distances first. The shortest distance is . In this comparison that suggests the greatest friction. Use the actua
GROW__SCI_G_W7A_The_Moon_Explore.html,space-before-punct,'\n:',"strip, then continue. Start again with the planet closest to the Sun. : point an imaginary gravity arrow toward the Sun and a motion arrow al"
GROW__SCI_G_W7A_The_Moon_Explore.html,no-qmark-on-wh,'Do not run a second explanation over th,"question for the I Do. 🌱 Starter · make the new idea worth knowing 0 Do not run a second explanation over the teacher. If secure, reduce proximity; if access is the barrier, quietly change modality. 👩‍🏫 I Do · model the first concept Moon phase visual showing sunlight"
GROW__SCI_G_W7A_The_Moon_Explore.html,no-qmark-on-wh,'Do not run a second explanation over th,"’s shadow causes an eclipse, not the ordinary monthly phase sequence. Do not run a second explanation over the teacher. If secure, reduce proximity; if access is the barrier, quietly change modality. 👩‍🏫 I Do 2 · expand or connect Secure → unfamiliar example/reduce prom"
GROW__SCI_G_W7A_The_Moon_Explore.html,no-qmark-on-wh,"'What I said, and what it changed. Write","changes because of it. 🎫 Exit ticket · response becomes the next step What I said, and what it changed. Write one line about what you said today and what changed because of it. What I said, and what it changed Write your own line here, or an adult"
GROW__SCI_G_W7A_The_Moon_Explore.html,straight-apostrophe,"""n's""",GROW Science W7A · Explore · The Moon's Journey · Outstanding v3 ← Lessons Lesson overview GROW · Science · W
GROW__SCI_G_W7A_The_Moon_Explore.html,straight-apostrophe,"""n's""",3 ← Lessons Lesson overview GROW · Science · Week 7A · Explore The Moon's Journey 🧭 Science mission Moon Detective: why does the Moon seem to c
GROW__SCI_G_W7A_The_Moon_Explore.html,straight-apostrophe,"""n's""",? SUNLIGHT → → → QUARTER FULL QUARTER NEW OUR VIEW CHANGES not the Moon's light source Visual model: use it to predict and explain — not as dec
GROW__SCI_G_W7A_The_Moon_Explore.html,straight-apostrophe,"""n's""",. SUNLIGHT → → → QUARTER FULL QUARTER NEW OUR VIEW CHANGES not the Moon's light source Teacher-controlled model: reveal the invisible Science a
GROW__SCI_G_W7A_The_Moon_Explore.html,straight-apostrophe,"""n's""","ges. ✘ What this model does not show It leaves out the tilt of the Moon's orbit, which is why we do not get an eclipse every month. Set the mod"
GROW__SCI_G_W7A_The_Moon_Explore.html,straight-apostrophe,"""n's""",ve Loop 🎬 Media ◀ Previous Next ▶ GROW Science · W7A · Explore The Moon's Journey Name: _______________________________ Date: _________________
GROW__SCI_G_W7A_The_Moon_Explore.html,straight-apostrophe,"""n's""","nges. What this model does not show: It leaves out the tilt of the Moon's orbit, which is why we do not get an eclipse every month. WORD HELP p"
GROW__SCI_G_W7A_The_Moon_Explore.html,straight-apostrophe,"""n's""",which level of independence. Pupil ____________________ Lesson The Moon's Journey — GROW Science · Week 7 (40-min route · Explore) Date _______
GROW__SCI_G_W7B_The_Moon_Do.html,space-before-punct,'\n?',"· evidence on Earwig R · responded / Audience happened // · self-edit ? · read this back Important: this lesson does not write codes, store p"
GROW__SCI_G_W7B_The_Moon_Do.html,space-before-punct,' \n.',oing. Add all three positive distances first. The shortest distance is . In this comparison that suggests the greatest friction. Use the actua
GROW__SCI_G_W7B_The_Moon_Do.html,space-before-punct,'\n:',"strip, then continue. Start again with the planet closest to the Sun. : point an imaginary gravity arrow toward the Sun and a motion arrow al"
GROW__SCI_G_W7B_The_Moon_Do.html,space-before-punct,' \n.',"the line-up is close enough. .gl-predict .gl-btn Prediction received: . Nothing is marked. Test them and find out. <div class=""gl-name""> </di"
GROW__SCI_G_W7B_The_Moon_Do.html,space-before-punct,'\n.',"m and find out. <div class=""gl-name""> </div><p style=""margin:5px 0 0""> . Each result stays on the list so you can compare them. All three are"
GROW__SCI_G_W7B_The_Moon_Do.html,no-qmark-on-wh,'Do not turn the torch model into a perf,No signature. 🧑‍🏫 Support staff · this slide ✕ Close ONE SCIENCE RULE Do not turn the torch model into a performance. Protect the viewpoint idea and let the pupil direct whenever possible. Priority now Move learning forward Least prompt first Wait Self-prompt
GROW__SCI_G_W7B_The_Moon_Do.html,no-qmark-on-wh,'Do not run a second explanation over th,"question for the I Do. 🌱 Starter · make the new idea worth knowing 0 Do not run a second explanation over the teacher. If secure, reduce proximity; if access is the barrier, quietly change modality. 👩‍🏫 I Do · model the first concept Moon phase visual showing sunlight"
GROW__SCI_G_W7B_The_Moon_Do.html,no-qmark-on-wh,'Do not run a second explanation over th,"dow caused normal phases, there would be a lunar eclipse every month. Do not run a second explanation over the teacher. If secure, reduce proximity; if access is the barrier, quietly change modality. 👩‍🏫 I Do 2 · expand or connect Secure → unfamiliar example/reduce prom"
GROW__SCI_G_W7B_The_Moon_Do.html,no-qmark-on-wh,"'What I said, and what it changed. Write","changes because of it. 🎫 Exit ticket · response becomes the next step What I said, and what it changed. Write one line about what you said today and what changed because of it. What I said, and what it changed Write your own line here, or an adult"
GROW__SCI_G_W7B_The_Moon_Do.html,no-qmark-on-wh,'Which lit part we can see. The Sun alwa,"eived: "" "". Hold onto it — we find out by testing, not by being told. Which lit part we can see. The Sun always lights half the Moon. As the Moon orbits, we see more or less of that lit half. No shadow is involved. Lunar eclipse Earth\'s shadow really does fall on the Moon. This happe"
GROW__SCI_G_W7B_The_Moon_Do.html,straight-apostrophe,"""n's""",. SUNLIGHT → → → QUARTER FULL QUARTER NEW OUR VIEW CHANGES not the Moon's light source Visual model: use it to predict and explain — not as dec
GROW__SCI_G_W7B_The_Moon_Do.html,straight-apostrophe,"""h's""",🎯 Commit to a prediction Before we model it: what makes a phase? Earth's shadow on the Moon Which lit part we can see Clouds Choose one. Say i
GROW__SCI_G_W7B_The_Moon_Do.html,straight-apostrophe,"""n's""",. SUNLIGHT → → → QUARTER FULL QUARTER NEW OUR VIEW CHANGES not the Moon's light source Teacher-controlled model: reveal the invisible Science a
GROW__SCI_G_W7B_The_Moon_Do.html,straight-apostrophe,"""n's""","it. ✘ What this model does not show It leaves out the tilt of the Moon's orbit and the real distances, which is why eclipses are rare rather t"
GROW__SCI_G_W7B_The_Moon_Do.html,straight-apostrophe,"""h's""","not. Step 1 · Predict, before you test What makes a Moon phase? ▲ Earth's shadow on the Moon ◎ Which lit part we can see ✳ Clouds Choose one. S"
GROW__SCI_G_W7B_The_Moon_Do.html,straight-apostrophe,"""n's""","e it. What this model does not show: It leaves out the tilt of the Moon's orbit and the real distances, which is why eclipses are rare rather t"
GROW__SCI_G_W7B_The_Moon_Do.html,straight-apostrophe,"""n's""",which level of independence. Pupil ____________________ Lesson The Moon's Journey — GROW Science · Week 7 (40-min route · Do) Date ____________
GROW__SCI_G_W7B_The_Moon_Do.html,straight-apostrophe,"""h's""","ess → change mode, same goal. 🤝 We Do 2 · interactive exploration Earth's shadow on the Moon Which lit part we can see Clouds 0 1 Move support"
GROW__TEACHER_IMPLEMENTATION_GUIDE.html,no-qmark-on-wh,'How to run the v3 lessons as a coherent,ains available in the Lessons catalogue. Teacher implementation guide How to run the v3 lessons as a coherent GROW Science teaching system. The non-negotiable 40-minute grammar Explore: 4 Arrival + 4 Starter +
LAUNCH__LAUNCH_SCIENCE_PRACTICALS_MATRIX.html,space-before-punct,"'\n,'","tal column names only routes verified present in the live lesson files , and says where one is still awaiting sign-off rather than advertising"
LAUNCH__LAUNCH_SCIENCE_PRACTICALS_MATRIX.html,no-qmark-on-wh,"'Do not collect breath, saliva, blood or","r body samples are collected or used at any point. 4 min Models only. Do not collect breath, saliva, blood or any body sample. Pupils with latex or material sensitivities use the card model. In-lesson Scientific reasoning model — reveal-step buttons linking sur"
LAUNCH__LAUNCH_SCIENCE_PRACTICALS_MATRIX.html,straight-apostrophe,"""g's""","any other cutting or boring tool are adult-performed where the setting's risk assessment says so, and are not placed on the pupil bench. Solut"
LAUNCH__LAUNCH_SCIENCE_PRACTICALS_MATRIX.html,straight-apostrophe,"""l's""",ates the microscope. The observation and its explanation stay the pupil's. W3L2 Printed Micrograph Scale Investigation Printed cell images; rul
LAUNCH__LAUNCH_SCIENCE_PRACTICALS_MATRIX_PROGRESS_SCHOOLS.html,space-before-punct,"'\n,'","tal column names only routes verified present in the live lesson files , and says where one is still awaiting sign-off rather than advertising"
LAUNCH__LAUNCH_SCIENCE_PRACTICALS_MATRIX_PROGRESS_SCHOOLS.html,no-qmark-on-wh,"'Do not collect breath, saliva, blood or","r body samples are collected or used at any point. 4 min Models only. Do not collect breath, saliva, blood or any body sample. Pupils with latex or material sensitivities use the card model. In-lesson Scientific reasoning model — reveal-step buttons linking sur"
LAUNCH__LAUNCH_SCIENCE_PRACTICALS_MATRIX_PROGRESS_SCHOOLS.html,straight-apostrophe,"""g's""","any other cutting or boring tool are adult-performed where the setting's risk assessment says so, and are not placed on the pupil bench. Solut"
LAUNCH__LAUNCH_SCIENCE_PRACTICALS_MATRIX_PROGRESS_SCHOOLS.html,straight-apostrophe,"""l's""",ates the microscope. The observation and its explanation stay the pupil's. W3L2 Printed Micrograph Scale Investigation Printed cell images; rul
LAUNCH__SCI_L_W3L1_Microscopy_Introduce.html,space-before-punct,'\n?',ext step E · evidence R · responded / Audience happened // · self-edit ? · read back No code or pupil response is stored by this HTML. No publ
LAUNCH__SCI_L_W3L1_Microscopy_Introduce.html,space-before-punct,'\n.',ed first. Percentage change = %. Keep the sign and divide by INITIAL. . Explain what the number means in this Biology context. Bigger is magn
LAUNCH__SCI_L_W3L1_Microscopy_Introduce.html,space-before-punct,' \n.',"n, not by more magnification. .sc-predict .sc-btn Prediction received: . Nothing is marked. Test all three and find out. <div class=""sc-name"">"
LAUNCH__SCI_L_W3L1_Microscopy_Introduce.html,no-qmark-on-wh,'Do not privately teach a second explana,s watch the reasoning process; you watch access and whether it lands. Do not privately teach a second explanation over the teacher. Flag a shared misconception. 🤝 We Do · hinge & response Wait time is the first intervention. Every
LAUNCH__SCI_L_W3L1_Microscopy_Introduce.html,no-qmark-on-wh,'Do not treat a widget result as learnin,"the pupil drive variables, measurements or choices wherever possible. Do not treat a widget result as learning by itself. Ask for the pattern/explanation and adapt the next question. Bigger and always sharper Bigger, but detail has a limit No change 0 1"
LAUNCH__SCI_L_W3L1_Microscopy_Introduce.html,no-qmark-on-wh,"'When feedback is given, ensure the pupi","pendence and authorship; reader/scribe is access, not lesser Science. When feedback is given, ensure the pupil actually edits, re-attempts, explains or applies it. Read these instructions aloud 🎫 Exit · receive and use the response Do"
LAUNCH__SCI_L_W3L1_Microscopy_Introduce.html,no-qmark-on-wh,'Do not reveal the key before the pupil ,. Read these instructions aloud 🎫 Exit · receive and use the response Do not reveal the key before the pupil commits. Read the actual response. Give one next learning move. The pupil uses it on the existing work; d
LAUNCH__SCI_L_W3L2_Calculating_Magnification_Explore.html,space-before-punct,'\n?',ext step E · evidence R · responded / Audience happened // · self-edit ? · read back No code or pupil response is stored by this HTML. No publ
LAUNCH__SCI_L_W3L2_Calculating_Magnification_Explore.html,space-before-punct,'\n.',ed first. Percentage change = %. Keep the sign and divide by INITIAL. . Explain what the number means in this Biology context. Bigger is magn
LAUNCH__SCI_L_W3L2_Calculating_Magnification_Explore.html,space-before-punct,' \n.',"ge 50 mm, actual 50 \u00b5m Match units first: 50 mm = \u00b5m. Then . Magnification has no unit. Convert 90 \u00b5m mm. Same length \u2014"
LAUNCH__SCI_L_W3L2_Calculating_Magnification_Explore.html,space-before-punct,' \n.',"er, so the number is smaller. .sc-predict .sc-btn Prediction received: . Nothing is marked. Test all three and find out. <div class=""sc-name"">"
LAUNCH__SCI_L_W3L2_Calculating_Magnification_Explore.html,no-qmark-on-wh,'Do not privately teach a second explana,s watch the reasoning process; you watch access and whether it lands. Do not privately teach a second explanation over the teacher. Flag a shared misconception. 🤝 We Do · hinge & response Wait time is the first intervention. Every
LAUNCH__SCI_L_W3L2_Calculating_Magnification_Explore.html,no-qmark-on-wh,'Do not treat a widget result as learnin,"the pupil drive variables, measurements or choices wherever possible. Do not treat a widget result as learning by itself. Ask for the pattern/explanation and adapt the next question. 1000 µm 100 µm 10 µm 0 1 ✏️ Independent · evidence & transfer Least pr"
LAUNCH__SCI_L_W3L2_Calculating_Magnification_Explore.html,no-qmark-on-wh,"'When feedback is given, ensure the pupi","pendence and authorship; reader/scribe is access, not lesser Science. When feedback is given, ensure the pupil actually edits, re-attempts, explains or applies it. Read these instructions aloud 🎫 Exit · receive and use the response Do"
LAUNCH__SCI_L_W3L2_Calculating_Magnification_Explore.html,no-qmark-on-wh,'Do not reveal the key before the pupil ,. Read these instructions aloud 🎫 Exit · receive and use the response Do not reveal the key before the pupil commits. Read the actual response. Give one next learning move. The pupil uses it on the existing work; d
LAUNCH__SCI_L_W3L3_Magnification_Lab_Do.html,space-before-punct,'\n?',ext step E · evidence R · responded / Audience happened // · self-edit ? · read back No code or pupil response is stored by this HTML. No publ
LAUNCH__SCI_L_W3L3_Magnification_Lab_Do.html,space-before-punct,'\n.',ed first. Percentage change = %. Keep the sign and divide by INITIAL. . Explain what the number means in this Biology context. Bigger is magn
LAUNCH__SCI_L_W3L3_Magnification_Lab_Do.html,space-before-punct,' \n.',ip may be right; recheck substitution and arithmetic. CORRECT. 40 mm = . The checker says: UNIT ERROR. 40 was divided by 80 before the units
LAUNCH__SCI_L_W3L3_Magnification_Lab_Do.html,space-before-punct,' \n.',"MES ERROR. The checker says: .sc-predict .sc-btn Prediction received: . Nothing is marked. Test all three and find out. <div class=""sc-name"">"
LAUNCH__SCI_L_W3L3_Magnification_Lab_Do.html,no-qmark-on-wh,'Do a short set of mixed exam questions.,min ✏️ Independent · evidence & transfer ✏️ Independent GCSE Biology Do a short set of mixed exam questions. One uses a measured image. Now check one answer. Check it yourself. Make one clear correction. Show it to an adult. Say why you changed it. 🧪 PRACTICAL / EVIDENCE RE
LAUNCH__SCI_L_W3L3_Magnification_Lab_Do.html,no-qmark-on-wh,'Do not privately teach a second explana,s watch the reasoning process; you watch access and whether it lands. Do not privately teach a second explanation over the teacher. Flag a shared misconception. 🤝 We Do · hinge & response Wait time is the first intervention. Every
LAUNCH__SCI_L_W3L3_Magnification_Lab_Do.html,no-qmark-on-wh,'Do not treat a widget result as learnin,"the pupil drive variables, measurements or choices wherever possible. Do not treat a widget result as learning by itself. Ask for the pattern/explanation and adapt the next question. ×500 ×0.5 ×5000 0 1 ✏️ Independent · evidence & transfer Least prompt"
LAUNCH__SCI_L_W3L3_Magnification_Lab_Do.html,no-qmark-on-wh,"'When feedback is given, ensure the pupi","pendence and authorship; reader/scribe is access, not lesser Science. When feedback is given, ensure the pupil actually edits, re-attempts, explains or applies it. Read these instructions aloud 🎫 Exit · receive and use the response Do"
LAUNCH__SCI_L_W3L3_Magnification_Lab_Do.html,no-qmark-on-wh,'Do not reveal the key before the pupil ,. Read these instructions aloud 🎫 Exit · receive and use the response Do not reveal the key before the pupil commits. Read the actual response. Give one next learning move. The pupil uses it on the existing work; d
LAUNCH__SCI_L_W3L3_Magnification_Lab_Do.html,straight-apostrophe,"""e's""","can scribe your exact words. Next step up: Stretch — Past a microscope's resolution, more magnification adds no new detail. Explain why. R3 We"
LAUNCH__SCI_L_W3L3_Magnification_Lab_Do.html,straight-apostrophe,"""e's""","gnification formula on the card. R2 Week 3 · lesson 1 Past a microscope's resolution, more magnification adds no new detail. Explain why. Non-r"
LAUNCH__SCI_L_W3L3_Magnification_Lab_Do.html,straight-apostrophe,"""e's""",": explain why the units must match before you divide. Past a microscope's resolution, more magnification adds no new detail. Explain why. Expla"
LAUNCH__SCI_L_W4L1_Diffusion_Introduce.html,space-before-punct,'\n?',ext step E · evidence R · responded / Audience happened // · self-edit ? · read back No code or pupil response is stored by this HTML. No publ
LAUNCH__SCI_L_W4L1_Diffusion_Introduce.html,space-before-punct,'\n.',ed first. Percentage change = %. Keep the sign and divide by INITIAL. . Explain what the number means in this Biology context. Bigger is magn
LAUNCH__SCI_L_W4L1_Diffusion_Introduce.html,space-before-punct,'\n.',"ing and reasoning, not by being told. Concentration difference doubled . A steeper gradient means faster net movement. Temperature raised . Wa"
LAUNCH__SCI_L_W4L1_Diffusion_Introduce.html,space-before-punct,'\n.',"led . A steeper gradient means faster net movement. Temperature raised . Warmer particles move faster, so they spread faster. Distance doubled"
LAUNCH__SCI_L_W4L1_Diffusion_Introduce.html,space-before-punct,'\n.',"Warmer particles move faster, so they spread faster. Distance doubled . A longer path slows net movement down. .sc-predict .sc-btn Prediction"
LAUNCH__SCI_L_W4L1_Diffusion_Introduce.html,space-before-punct,' \n.',"path slows net movement down. .sc-predict .sc-btn Prediction received: . Nothing is marked. Test all three and find out. <div class=""sc-name"">"
LAUNCH__SCI_L_W4L1_Diffusion_Introduce.html,no-qmark-on-wh,'Do not claim the simulator proves every,two factors mechanistically and distinguish random from net movement. Do not claim the simulator proves every biological factor. What this model helps us see: It shows particles moving randomly and s
LAUNCH__SCI_L_W4L1_Diffusion_Introduce.html,no-qmark-on-wh,'Do not privately teach a second explana,s watch the reasoning process; you watch access and whether it lands. Do not privately teach a second explanation over the teacher. Flag a shared misconception. 🤝 We Do · hinge & response Wait time is the first intervention. Every
LAUNCH__SCI_L_W4L1_Diffusion_Introduce.html,no-qmark-on-wh,'Do not treat a widget result as learnin,"the pupil drive variables, measurements or choices wherever possible. Do not treat a widget result as learning by itself. Ask for the pattern/explanation and adapt the next question. Doubling the difference A little warming Doubling the distance 0 1 ✏️"
LAUNCH__SCI_L_W4L1_Diffusion_Introduce.html,no-qmark-on-wh,"'When feedback is given, ensure the pupi","pendence and authorship; reader/scribe is access, not lesser Science. When feedback is given, ensure the pupil actually edits, re-attempts, explains or applies it. Read these instructions aloud 🎫 Exit · receive and use the response Do"
LAUNCH__SCI_L_W4L1_Diffusion_Introduce.html,no-qmark-on-wh,'Do not reveal the key before the pupil ,. Read these instructions aloud 🎫 Exit · receive and use the response Do not reveal the key before the pupil commits. Read the actual response. Give one next learning move. The pupil uses it on the existing work; d
LAUNCH__SCI_L_W4L2_Diffusion_Lungs_Explore.html,space-before-punct,'\n?',ext step E · evidence R · responded / Audience happened // · self-edit ? · read back No code or pupil response is stored by this HTML. No publ
LAUNCH__SCI_L_W4L2_Diffusion_Lungs_Explore.html,space-before-punct,'\n.',ed first. Percentage change = %. Keep the sign and divide by INITIAL. . Explain what the number means in this Biology context. Bigger is magn
LAUNCH__SCI_L_W4L2_Diffusion_Lungs_Explore.html,space-before-punct,' \n.',"and reasoning, not by being told. Surface area doubled Exchange index . Millions of alveoli give more room for oxygen to cross at once. Wall"
LAUNCH__SCI_L_W4L2_Diffusion_Lungs_Explore.html,space-before-punct,' \n.',room for oxygen to cross at once. Wall thickness halved Exchange index . One cell thick means a short diffusion path. Blood flow doubled Excha
LAUNCH__SCI_L_W4L2_Diffusion_Lungs_Explore.html,space-before-punct,' \n.',"thick means a short diffusion path. Blood flow doubled Exchange index . Fresh blood carries oxygen away, which keeps the gradient steep. .sc-"
LAUNCH__SCI_L_W4L2_Diffusion_Lungs_Explore.html,space-before-punct,' \n.',"ich keeps the gradient steep. .sc-predict .sc-btn Prediction received: . Nothing is marked. Test all three and find out. <div class=""sc-name"">"
LAUNCH__SCI_L_W4L2_Diffusion_Lungs_Explore.html,no-qmark-on-wh,'Do not privately teach a second explana,s watch the reasoning process; you watch access and whether it lands. Do not privately teach a second explanation over the teacher. Flag a shared misconception. 🤝 We Do · hinge & response Wait time is the first intervention. Every
LAUNCH__SCI_L_W4L2_Diffusion_Lungs_Explore.html,no-qmark-on-wh,'Do not treat a widget result as learnin,"the pupil drive variables, measurements or choices wherever possible. Do not treat a widget result as learning by itself. Ask for the pattern/explanation and adapt the next question. Huge surface area Very thin walls Rich blood supply 0 1 ✏️ Independent"
LAUNCH__SCI_L_W4L2_Diffusion_Lungs_Explore.html,no-qmark-on-wh,"'When feedback is given, ensure the pupi","pendence and authorship; reader/scribe is access, not lesser Science. When feedback is given, ensure the pupil actually edits, re-attempts, explains or applies it. Read these instructions aloud 🎫 Exit · receive and use the response Do"
LAUNCH__SCI_L_W4L2_Diffusion_Lungs_Explore.html,no-qmark-on-wh,'Do not reveal the key before the pupil ,. Read these instructions aloud 🎫 Exit · receive and use the response Do not reveal the key before the pupil commits. Read the actual response. Give one next learning move. The pupil uses it on the existing work; d
LAUNCH__SCI_L_W4L3_Diffusion_Explanation_Do.html,space-before-punct,'\n?',ext step E · evidence R · responded / Audience happened // · self-edit ? · read back No code or pupil response is stored by this HTML. No publ
LAUNCH__SCI_L_W4L3_Diffusion_Explanation_Do.html,space-before-punct,'\n.',ed first. Percentage change = %. Keep the sign and divide by INITIAL. . Explain what the number means in this Biology context. Bigger is magn
LAUNCH__SCI_L_W4L3_Diffusion_Explanation_Do.html,space-before-punct,' \n.',"1d and the chain is complete. .sc-predict .sc-btn Prediction received: . Nothing is marked. Test all three and find out. <div class=""sc-name"">"
LAUNCH__SCI_L_W4L3_Diffusion_Explanation_Do.html,no-qmark-on-wh,'Do not privately teach a second explana,s watch the reasoning process; you watch access and whether it lands. Do not privately teach a second explanation over the teacher. Flag a shared misconception. 🤝 We Do · hinge & response Wait time is the first intervention. Every
LAUNCH__SCI_L_W4L3_Diffusion_Explanation_Do.html,no-qmark-on-wh,'Do not treat a widget result as learnin,"the pupil drive variables, measurements or choices wherever possible. Do not treat a widget result as learning by itself. Ask for the pattern/explanation and adapt the next question. The WHAT sentence The BECAUSE sentence The FEATURE sentence 0 1 ✏️ Ind"
LAUNCH__SCI_L_W4L3_Diffusion_Explanation_Do.html,no-qmark-on-wh,"'When feedback is given, ensure the pupi","pendence and authorship; reader/scribe is access, not lesser Science. When feedback is given, ensure the pupil actually edits, re-attempts, explains or applies it. Read these instructions aloud 🎫 Exit · receive and use the response Do"
LAUNCH__SCI_L_W4L3_Diffusion_Explanation_Do.html,no-qmark-on-wh,'Do not reveal the key before the pupil ,. Read these instructions aloud 🎫 Exit · receive and use the response Do not reveal the key before the pupil commits. Read the actual response. Give one next learning move. The pupil uses it on the existing work; d
LAUNCH__SCI_L_W5L1_Osmosis_Introduce.html,space-before-punct,'\n?',ext step E · evidence R · responded / Audience happened // · self-edit ? · read back No code or pupil response is stored by this HTML. No publ
LAUNCH__SCI_L_W5L1_Osmosis_Introduce.html,space-before-punct,'\n.',ed first. Percentage change = %. Keep the sign and divide by INITIAL. . Explain what the number means in this Biology context. Bigger is magn
LAUNCH__SCI_L_W5L1_Osmosis_Introduce.html,space-before-punct,' \n.',"on. The solute never crossed. .sc-predict .sc-btn Prediction received: . Nothing is marked. Test all three and find out. <div class=""sc-name"">"
LAUNCH__SCI_L_W5L1_Osmosis_Introduce.html,no-qmark-on-wh,'Do not privately teach a second explana,s watch the reasoning process; you watch access and whether it lands. Do not privately teach a second explanation over the teacher. Flag a shared misconception. 🤝 We Do · hinge & response Wait time is the first intervention. Every
LAUNCH__SCI_L_W5L1_Osmosis_Introduce.html,no-qmark-on-wh,'Do not treat a widget result as learnin,"the pupil drive variables, measurements or choices wherever possible. Do not treat a widget result as learning by itself. Ask for the pattern/explanation and adapt the next question. Into the cell No net movement Out of the cell 0 1 ✏️ Independent · evi"
LAUNCH__SCI_L_W5L1_Osmosis_Introduce.html,no-qmark-on-wh,"'When feedback is given, ensure the pupi","pendence and authorship; reader/scribe is access, not lesser Science. When feedback is given, ensure the pupil actually edits, re-attempts, explains or applies it. Read these instructions aloud 🎫 Exit · receive and use the response Do"
LAUNCH__SCI_L_W5L1_Osmosis_Introduce.html,no-qmark-on-wh,'Do not reveal the key before the pupil ,. Read these instructions aloud 🎫 Exit · receive and use the response Do not reveal the key before the pupil commits. Read the actual response. Give one next learning move. The pupil uses it on the existing work; d
LAUNCH__SCI_L_W5L2_Osmosis_Core_Practical_Explore.html,space-before-punct,'\n.',· needs internet · captions on · this lesson teaches fully without it . Not part of the printed pack. ✔ What this model helps us see It shows
LAUNCH__SCI_L_W5L2_Osmosis_Core_Practical_Explore.html,space-before-punct,'\n.',"redict, before you test A potato piece goes into strong sugar solution . What happens to its mass? ▲ It gains mass ◎ It stays the same ✳ It lo"
LAUNCH__SCI_L_W5L2_Osmosis_Core_Practical_Explore.html,space-before-punct,'\n?',ext step E · evidence R · responded / Audience happened // · self-edit ? · read back No code or pupil response is stored by this HTML. No publ
LAUNCH__SCI_L_W5L2_Osmosis_Core_Practical_Explore.html,space-before-punct,'\n.',ed first. Percentage change = %. Keep the sign and divide by INITIAL. . Explain what the number means in this Biology context. Bigger is magn
LAUNCH__SCI_L_W5L2_Osmosis_Core_Practical_Explore.html,space-before-punct,' \n.',14 typically about \u221215%. .os-predict .os-btn Prediction received: . Nothing is marked. Test the three solutions and find out. <div class=
LAUNCH__SCI_L_W5L2_Osmosis_Core_Practical_Explore.html,no-qmark-on-wh,'Do not privately teach a second explana,s watch the reasoning process; you watch access and whether it lands. Do not privately teach a second explanation over the teacher. Flag a shared misconception. 🤝 We Do · hinge & response Wait time is the first intervention. Every
LAUNCH__SCI_L_W5L2_Osmosis_Core_Practical_Explore.html,no-qmark-on-wh,'Do not treat a widget result as learnin,"the pupil drive variables, measurements or choices wherever possible. Do not treat a widget result as learning by itself. Ask for the pattern/explanation and adapt the next question. It gains mass It stays the same It loses mass 0 1 ✏️ Independent · evi"
LAUNCH__SCI_L_W5L2_Osmosis_Core_Practical_Explore.html,no-qmark-on-wh,"'When feedback is given, ensure the pupi","pendence and authorship; reader/scribe is access, not lesser Science. When feedback is given, ensure the pupil actually edits, re-attempts, explains or applies it. Read these instructions aloud 🎫 Exit · receive and use the response Do"
LAUNCH__SCI_L_W5L2_Osmosis_Core_Practical_Explore.html,no-qmark-on-wh,'Do not reveal the key before the pupil ,. Read these instructions aloud 🎫 Exit · receive and use the response Do not reveal the key before the pupil commits. Read the actual response. Give one next learning move. The pupil uses it on the existing work; d
LAUNCH__SCI_L_W5L3_Osmosis_Data_Do.html,space-before-punct,'\n?',ext step E · evidence R · responded / Audience happened // · self-edit ? · read back No code or pupil response is stored by this HTML. No publ
LAUNCH__SCI_L_W5L3_Osmosis_Data_Do.html,space-before-punct,'\n.',ed first. Percentage change = %. Keep the sign and divide by INITIAL. . Explain what the number means in this Biology context. Bigger is magn
LAUNCH__SCI_L_W5L3_Osmosis_Data_Do.html,space-before-punct,'\n.',"mean. Excluded, the 0.6 mean moves from Means from three repeats each . Read along the line: gains shrink into losses as concentration rises."
LAUNCH__SCI_L_W5L3_Osmosis_Data_Do.html,space-before-punct,' \n.',"pattern, not a magic answer. .sc-predict .sc-btn Prediction received: . Nothing is marked. Test all three and find out. <div class=""sc-name"">"
LAUNCH__SCI_L_W5L3_Osmosis_Data_Do.html,no-qmark-on-wh,'Do not claim greater precision than the,Evaluate blotting/size/time/concentration/repeats specifically. STEP Do not claim greater precision than the graph supports. ▶ Reveal next reasoning step QUESTION EVIDENCE PATTERN EXPLANATION APP
LAUNCH__SCI_L_W5L3_Osmosis_Data_Do.html,no-qmark-on-wh,'Do not privately teach a second explana,s watch the reasoning process; you watch access and whether it lands. Do not privately teach a second explanation over the teacher. Flag a shared misconception. 🤝 We Do · hinge & response Wait time is the first intervention. Every
LAUNCH__SCI_L_W5L3_Osmosis_Data_Do.html,no-qmark-on-wh,'Do not treat a widget result as learnin,"the pupil drive variables, measurements or choices wherever possible. Do not treat a widget result as learning by itself. Ask for the pattern/explanation and adapt the next question. Near 0.2 mol dm⁻³ Near 0.5 mol dm⁻³ Near 0.8 mol dm⁻³ 0 1 ✏️ Independe"
LAUNCH__SCI_L_W5L3_Osmosis_Data_Do.html,no-qmark-on-wh,"'When feedback is given, ensure the pupi","pendence and authorship; reader/scribe is access, not lesser Science. When feedback is given, ensure the pupil actually edits, re-attempts, explains or applies it. Read these instructions aloud 🎫 Exit · receive and use the response Do"
LAUNCH__SCI_L_W5L3_Osmosis_Data_Do.html,no-qmark-on-wh,'Do not reveal the key before the pupil ,. Read these instructions aloud 🎫 Exit · receive and use the response Do not reveal the key before the pupil commits. Read the actual response. Give one next learning move. The pupil uses it on the existing work; d
LAUNCH__SCI_L_W6L1_Active_Transport_Introduce.html,space-before-punct,'\n?',ext step E · evidence R · responded / Audience happened // · self-edit ? · read back No code or pupil response is stored by this HTML. No publ
LAUNCH__SCI_L_W6L1_Active_Transport_Introduce.html,space-before-punct,'\n.',ed first. Percentage change = %. Keep the sign and divide by INITIAL. . Explain what the number means in this Biology context. Bigger is magn
LAUNCH__SCI_L_W6L1_Active_Transport_Introduce.html,space-before-punct,' \n.',"espiration. Active transport. .sc-predict .sc-btn Prediction received: . Nothing is marked. Test all three and find out. <div class=""sc-name"">"
LAUNCH__SCI_L_W6L1_Active_Transport_Introduce.html,no-qmark-on-wh,'Do not privately teach a second explana,s watch the reasoning process; you watch access and whether it lands. Do not privately teach a second explanation over the teacher. Flag a shared misconception. 🤝 We Do · hinge & response Wait time is the first intervention. Every
LAUNCH__SCI_L_W6L1_Active_Transport_Introduce.html,no-qmark-on-wh,'Do not treat a widget result as learnin,"the pupil drive variables, measurements or choices wherever possible. Do not treat a widget result as learning by itself. Ask for the pattern/explanation and adapt the next question. Yes — by spending energy No — never Only if the soil changes 0 1 ✏️ In"
LAUNCH__SCI_L_W6L1_Active_Transport_Introduce.html,no-qmark-on-wh,"'When feedback is given, ensure the pupi","pendence and authorship; reader/scribe is access, not lesser Science. When feedback is given, ensure the pupil actually edits, re-attempts, explains or applies it. Read these instructions aloud 🎫 Exit · receive and use the response Do"
LAUNCH__SCI_L_W6L1_Active_Transport_Introduce.html,no-qmark-on-wh,'Do not reveal the key before the pupil ,. Read these instructions aloud 🎫 Exit · receive and use the response Do not reveal the key before the pupil commits. Read the actual response. Give one next learning move. The pupil uses it on the existing work; d
LAUNCH__SCI_L_W6L2_Root_Hairs_And_Gut_Explore.html,space-before-punct,'\n?',ext step E · evidence R · responded / Audience happened // · self-edit ? · read back No code or pupil response is stored by this HTML. No publ
LAUNCH__SCI_L_W6L2_Root_Hairs_And_Gut_Explore.html,space-before-punct,'\n.',ed first. Percentage change = %. Keep the sign and divide by INITIAL. . Explain what the number means in this Biology context. Bigger is magn
LAUNCH__SCI_L_W6L2_Root_Hairs_And_Gut_Explore.html,space-before-punct,' \n.',"oes not choose the direction. .sc-predict .sc-btn Prediction received: . Nothing is marked. Test all three and find out. <div class=""sc-name"">"
LAUNCH__SCI_L_W6L2_Root_Hairs_And_Gut_Explore.html,no-qmark-on-wh,'Do not privately teach a second explana,s watch the reasoning process; you watch access and whether it lands. Do not privately teach a second explanation over the teacher. Flag a shared misconception. 🤝 We Do · hinge & response Wait time is the first intervention. Every
LAUNCH__SCI_L_W6L2_Root_Hairs_And_Gut_Explore.html,no-qmark-on-wh,'Do not treat a widget result as learnin,"the pupil drive variables, measurements or choices wherever possible. Do not treat a widget result as learning by itself. Ask for the pattern/explanation and adapt the next question. Yes — easily No — something must pay The evidence cannot say 0 1 ✏️ In"
LAUNCH__SCI_L_W6L2_Root_Hairs_And_Gut_Explore.html,no-qmark-on-wh,"'When feedback is given, ensure the pupi","pendence and authorship; reader/scribe is access, not lesser Science. When feedback is given, ensure the pupil actually edits, re-attempts, explains or applies it. Read these instructions aloud 🎫 Exit · receive and use the response Do"
LAUNCH__SCI_L_W6L2_Root_Hairs_And_Gut_Explore.html,no-qmark-on-wh,'Do not reveal the key before the pupil ,. Read these instructions aloud 🎫 Exit · receive and use the response Do not reveal the key before the pupil commits. Read the actual response. Give one next learning move. The pupil uses it on the existing work; d
LAUNCH__SCI_L_W6L3_Compare_Transport_Do.html,space-before-punct,'\n?',ext step E · evidence R · responded / Audience happened // · self-edit ? · read back No code or pupil response is stored by this HTML. No publ
LAUNCH__SCI_L_W6L3_Compare_Transport_Do.html,space-before-punct,'\n.',ed first. Percentage change = %. Keep the sign and divide by INITIAL. . Explain what the number means in this Biology context. Bigger is magn
LAUNCH__SCI_L_W6L3_Compare_Transport_Do.html,space-before-punct,' \n.',"brane + down. The rule says: .sc-predict .sc-btn Prediction received: . Nothing is marked. Test all three and find out. <div class=""sc-name"">"
LAUNCH__SCI_L_W6L3_Compare_Transport_Do.html,no-qmark-on-wh,'Do not privately teach a second explana,s watch the reasoning process; you watch access and whether it lands. Do not privately teach a second explanation over the teacher. Flag a shared misconception. 🤝 We Do · hinge & response Wait time is the first intervention. Every
LAUNCH__SCI_L_W6L3_Compare_Transport_Do.html,no-qmark-on-wh,'Do not treat a widget result as learnin,"the pupil drive variables, measurements or choices wherever possible. Do not treat a widget result as learning by itself. Ask for the pattern/explanation and adapt the next question. What the substance is Which way it moves Whether energy is spent 0 1 ✏"
LAUNCH__SCI_L_W6L3_Compare_Transport_Do.html,no-qmark-on-wh,"'When feedback is given, ensure the pupi","pendence and authorship; reader/scribe is access, not lesser Science. When feedback is given, ensure the pupil actually edits, re-attempts, explains or applies it. Read these instructions aloud 🎫 Exit · receive and use the response Do"
LAUNCH__SCI_L_W6L3_Compare_Transport_Do.html,no-qmark-on-wh,'Do not reveal the key before the pupil ,. Read these instructions aloud 🎫 Exit · receive and use the response Do not reveal the key before the pupil commits. Read the actual response. Give one next learning move. The pupil uses it on the existing work; d
LAUNCH__SCI_L_W7L1_Topic_1_Round_Up_Introduce.html,space-before-punct,'\n?',ext step E · evidence R · responded / Audience happened // · self-edit ? · read back No code or pupil response is stored by this HTML. No publ
LAUNCH__SCI_L_W7L1_Topic_1_Round_Up_Introduce.html,space-before-punct,'\n.',ed first. Percentage change = %. Keep the sign and divide by INITIAL. . Explain what the number means in this Biology context. Bigger is magn
LAUNCH__SCI_L_W7L1_Topic_1_Round_Up_Introduce.html,space-before-punct,' \n.',"the two are tested together. .sc-predict .sc-btn Prediction received: . Nothing is marked. Test all three and find out. <div class=""sc-name"">"
LAUNCH__SCI_L_W7L1_Topic_1_Round_Up_Introduce.html,no-qmark-on-wh,'Do not privately teach a second explana,s watch the reasoning process; you watch access and whether it lands. Do not privately teach a second explanation over the teacher. Flag a shared misconception. 🤝 We Do · hinge & response Wait time is the first intervention. Every
LAUNCH__SCI_L_W7L1_Topic_1_Round_Up_Introduce.html,no-qmark-on-wh,'Do not treat a widget result as learnin,"the pupil drive variables, measurements or choices wherever possible. Do not treat a widget result as learning by itself. Ask for the pattern/explanation and adapt the next question. Diffusion and osmosis Osmosis and the core practical Active transport"
LAUNCH__SCI_L_W7L1_Topic_1_Round_Up_Introduce.html,no-qmark-on-wh,"'When feedback is given, ensure the pupi","pendence and authorship; reader/scribe is access, not lesser Science. When feedback is given, ensure the pupil actually edits, re-attempts, explains or applies it. Read these instructions aloud 🎫 Exit · receive and use the response Do"
LAUNCH__SCI_L_W7L1_Topic_1_Round_Up_Introduce.html,no-qmark-on-wh,'Do not reveal the key before the pupil ,. Read these instructions aloud 🎫 Exit · receive and use the response Do not reveal the key before the pupil commits. Read the actual response. Give one next learning move. The pupil uses it on the existing work; d
LAUNCH__SCI_L_W7L2_Command_Words_Explore.html,space-before-punct,'\n?',ext step E · evidence R · responded / Audience happened // · self-edit ? · read back No code or pupil response is stored by this HTML. No publ
LAUNCH__SCI_L_W7L2_Command_Words_Explore.html,space-before-punct,'\n.',ed first. Percentage change = %. Keep the sign and divide by INITIAL. . Explain what the number means in this Biology context. Bigger is magn
LAUNCH__SCI_L_W7L2_Command_Words_Explore.html,space-before-punct,' \n.',"water.\u201d Both + whereas. .sc-predict .sc-btn Prediction received: . Nothing is marked. Test all three and find out. <div class=""sc-name"">"
LAUNCH__SCI_L_W7L2_Command_Words_Explore.html,no-qmark-on-wh,'Do not privately teach a second explana,s watch the reasoning process; you watch access and whether it lands. Do not privately teach a second explanation over the teacher. Flag a shared misconception. 🤝 We Do · hinge & response Wait time is the first intervention. Every
LAUNCH__SCI_L_W7L2_Command_Words_Explore.html,no-qmark-on-wh,'Do not treat a widget result as learnin,"the pupil drive variables, measurements or choices wherever possible. Do not treat a widget result as learning by itself. Ask for the pattern/explanation and adapt the next question. DESCRIBE EXPLAIN COMPARE 0 1 ✏️ Independent · evidence & transfer Leas"
LAUNCH__SCI_L_W7L2_Command_Words_Explore.html,no-qmark-on-wh,"'When feedback is given, ensure the pupi","pendence and authorship; reader/scribe is access, not lesser Science. When feedback is given, ensure the pupil actually edits, re-attempts, explains or applies it. Read these instructions aloud 🎫 Exit · receive and use the response Do"
LAUNCH__SCI_L_W7L2_Command_Words_Explore.html,no-qmark-on-wh,'Do not reveal the key before the pupil ,. Read these instructions aloud 🎫 Exit · receive and use the response Do not reveal the key before the pupil commits. Read the actual response. Give one next learning move. The pupil uses it on the existing work; d
LAUNCH__SCI_L_W7L3_Exam_Practice_Do.html,space-before-punct,'\n?',ext step E · evidence R · responded / Audience happened // · self-edit ? · read back No code or pupil response is stored by this HTML. No publ
LAUNCH__SCI_L_W7L3_Exam_Practice_Do.html,space-before-punct,'\n.',ed first. Percentage change = %. Keep the sign and divide by INITIAL. . Explain what the number means in this Biology context. Bigger is magn
LAUNCH__SCI_L_W7L3_Exam_Practice_Do.html,space-before-punct,' \n.',"ing energy from respiration). .sc-predict .sc-btn Prediction received: . Nothing is marked. Test all three and find out. <div class=""sc-name"">"
LAUNCH__SCI_L_W7L3_Exam_Practice_Do.html,no-qmark-on-wh,'Do the mixed Topic 1 practice set. Work,min ✏️ Independent · evidence & transfer ✏️ Independent GCSE Biology Do the mixed Topic 1 practice set. Work on your own. Then pick one answer. Ask for feedback. Make one change you can see. Explain it. 🧪 PRACTICAL / EVIDENCE READY Equipment Topic 1 question booklet; formu
LAUNCH__SCI_L_W7L3_Exam_Practice_Do.html,no-qmark-on-wh,'Do not privately teach a second explana,s watch the reasoning process; you watch access and whether it lands. Do not privately teach a second explanation over the teacher. Flag a shared misconception. 🤝 We Do · hinge & response Wait time is the first intervention. Every
LAUNCH__SCI_L_W7L3_Exam_Practice_Do.html,no-qmark-on-wh,'Do not treat a widget result as learnin,"the pupil drive variables, measurements or choices wherever possible. Do not treat a widget result as learning by itself. Ask for the pattern/explanation and adapt the next question. Working and the answer The answer alone A definition 0 1 ✏️ Independen"
LAUNCH__SCI_L_W7L3_Exam_Practice_Do.html,no-qmark-on-wh,"'When feedback is given, ensure the pupi","pendence and authorship; reader/scribe is access, not lesser Science. When feedback is given, ensure the pupil actually edits, re-attempts, explains or applies it. Read these instructions aloud 🎫 Exit · receive and use the response Do"
LAUNCH__SCI_L_W7L3_Exam_Practice_Do.html,no-qmark-on-wh,'Do not reveal the key before the pupil ,. Read these instructions aloud 🎫 Exit · receive and use the response Do not reveal the key before the pupil commits. Read the actual response. Give one next learning move. The pupil uses it on the existing work; d
