file,line,family,found,uk_form,context
LAUNCH__LAUNCH_DAILY_REFLECTION_EVIDENCE_WINDOW.html,22,ce-se-check,Practice,practise (verb) / practice (noun),W7L3 · Do · Topic 1 Independent Exam Practice
LAUNCH__LAUNCH_DAILY_REFLECTION_EVIDENCE_WINDOW.html,107,ce-se-check,practice,practise (verb) / practice (noun),W7L3 is independent Topic 1 exam/evidence practice.
LAUNCH__LAUNCH_DAILY_REFLECTION_EVIDENCE_WINDOW.html,109,ce-se-check,Practice,practise (verb) / practice (noun),Topic 1 Independent Exam Practice
LAUNCH__LAUNCH_DAILY_REFLECTION_EVIDENCE_WINDOW.html,110,ce-se-check,practice,practise (verb) / practice (noun),Independent practice + feedback-response edit/re-attempt + adult-received explanation.
LAUNCH__LAUNCH_SCIENCE_PRACTICALS_MATRIX.html,18,ce-se-check,practice,practise (verb) / practice (noun),es appear anywhere in this suite or on this page. W7L3 is independent practice with feedback — it is explicitly
LAUNCH__LAUNCH_SCIENCE_PRACTICALS_MATRIX.html,203,ce-se-check,Practice,practise (verb) / practice (noun),Independent Question Practice and Improvement
LAUNCH__LAUNCH_SCIENCE_PRACTICALS_MATRIX_PROGRESS_SCHOOLS.html,19,ce-se-check,practice,practise (verb) / practice (noun),es appear anywhere in this suite or on this page. W7L3 is independent practice with feedback — it is explicitly
LAUNCH__LAUNCH_SCIENCE_PRACTICALS_MATRIX_PROGRESS_SCHOOLS.html,204,ce-se-check,Practice,practise (verb) / practice (noun),Independent Question Practice and Improvement
LAUNCH__SCI_L_W3L3_Magnification_Lab_Do.html,350,ce-se-check,practice,practise (verb) / practice (noun),"Exam-style work is practice, not a grade event; no public scores/timed competition."
LAUNCH__SCI_L_W3L3_Magnification_Lab_Do.html,499,ce-se-check,practice,practise (verb) / practice (noun),"Exam-style work is practice, not a grade event; no public scores/timed competition."
LAUNCH__SCI_L_W5L3_Osmosis_Data_Do.html,294,ce-se-check,practice,practise (verb) / practice (noun),"your own class results. This lab is button-only. It carries one fixed practice data set — the same numbers for every pupil, generated by a seeded ru"
LAUNCH__SCI_L_W5L3_Osmosis_Data_Do.html,320,ce-se-check,practice,practise (verb) / practice (noun),"r have an adult press it — the route does not change the Biology. The practice numbers are seeded, so they are identical for every pupil; your own c"
LAUNCH__SCI_L_W6L3_Compare_Transport_Do.html,267,ce-se-check,practice,practise (verb) / practice (noun),Keep practice formative; no automatic score.
LAUNCH__SCI_L_W7L2_Command_Words_Explore.html,351,ce-se-check,practice,practise (verb) / practice (noun),Formative exam practice; no public scores/timed competition.
LAUNCH__SCI_L_W7L2_Command_Words_Explore.html,500,ce-se-check,practice,practise (verb) / practice (noun),Formative exam practice; no public scores/timed competition.
LAUNCH__SCI_L_W7L3_Exam_Practice_Do.html,1,ce-se-check,Practice,practise (verb) / practice (noun),LAUNCH GCSE Biology W7L3 · Topic 1 Independent Exam Practice · v3
LAUNCH__SCI_L_W7L3_Exam_Practice_Do.html,5,ce-se-check,Practice,practise (verb) / practice (noun),Topic 1 Independent Exam Practice
LAUNCH__SCI_L_W7L3_Exam_Practice_Do.html,161,ce-se-check,practice,practise (verb) / practice (noun),"Today is independent practice, not a grade event. What counts as useful evidence if a first answer"
LAUNCH__SCI_L_W7L3_Exam_Practice_Do.html,234,ce-se-check,practice,practise (verb) / practice (noun),Best use of feedback during practice?
LAUNCH__SCI_L_W7L3_Exam_Practice_Do.html,341,ce-se-check,practice,practise (verb) / practice (noun),Do the mixed Topic 1 practice set. Work on your own. Then pick one answer. Ask for feedback. Make o
LAUNCH__SCI_L_W7L3_Exam_Practice_Do.html,348,ce-se-check,practice,practise (verb) / practice (noun),Independent practice + feedback-response edit/re-attempt + adult-received explanation.
LAUNCH__SCI_L_W7L3_Exam_Practice_Do.html,503,ce-se-check,Practice,practise (verb) / practice (noun),LAUNCH GCSE Biology · W7L3 · Topic 1 Independent Exam Practice
LAUNCH__SCI_L_W7L3_Exam_Practice_Do.html,543,ce-se-check,practice,practise (verb) / practice (noun),Independent practice + feedback-response edit/re-attempt + adult-received explanation.
LAUNCH__SCI_L_W7L3_Exam_Practice_Do.html,563,ce-se-check,Practice,practise (verb) / practice (noun),Master: Topic 1 Exam Practice — LAUNCH Science · Week 7 (40-min route · Do)
LAUNCH__index.html,106,ce-se-check,Practice,practise (verb) / practice (noun),Topic 1 Independent Exam Practice
