pathway,week,file,severity,fix_type,quoted,issue,disposition
BUILD,W3,SCI_B_W3B_Backbone_Detectives_Do.html,medium,MECHANICAL-FIX,"<td style=""padding:7px 8px;border:1px solid #999"">Backbones and No Backbones — BUILD Science · Week 3 (40-min ","The Assessor Witness Statement names this lesson ""Backbones and No Backbones"", which is W3A's title. This file's lesson is ""Backbone Detectives"" (<h1>",PROPOSED / not applied
BUILD,W4,SCI_B_W4A_Muscles_Explore.html,high,PROPOSED,Cardboard arm models; split pins; elastic bands/string; biceps/triceps labels; pre-assembled models; projector,"The lesson issues ELASTIC BANDS as equipment and its safety cell says ""Elastic bands stay controlled and away from faces."" The governing teacher safet",FIXED 8b40204
BUILD,W4,SCI_B_W4B_Muscle_Model_Do.html,high,PROPOSED,Cardboard arm kit; split pins; string/elastic; labels; scissors if locally approved; pre-assembled spares; tab,"Same contradiction as W4A. This lesson issues ""string/elastic"" and its safety cell says ""Elastic/string remains low tension."", while BUILD_SCIENCE_PRA",FIXED 8b40204
BUILD,W4,SCI_B_W4A_Muscles_Explore.html,medium,MECHANICAL-FIX,"<p class=""pentry"" style=""margin:0 0 8px;font-size:.92rem""><b>New to this class, or not sure?</b> Everything yo","Screen/print parity break in the entry route for pupils new to the class. On screen the sentence sits INSIDE div.entry-route, which is placed directly",FIXED 1da0209/2fce03d/927be7a
BUILD,W5,SCI_B_W5B_Nutrition_Mission_Do.html,medium,MECHANICAL-FIX,"<td style=""padding:7px 8px;border:1px solid #999"">What a Body Needs — BUILD Science · Week 5 (40-min route · D","The printed assessor witness statement in W5B names the lesson as ""What a Body Needs"", which is the W5A lesson. Every other surface of this file (brow",PROPOSED / not applied
BUILD,W6,SCI_B_W6A_Balanced_Plate_Explore.html,medium,MECHANICAL-FIX,"Balance is a pattern, not five identical sections or a ban list.","The retry feedback names FIVE sections, but this lesson's plate model has FOUR groups throughout: the hero SVG paints four sectors labelled FRUIT & VE",PROPOSED / not applied
BUILD,W6,SCI_B_W6A_Balanced_Plate_Explore.html,medium,ONE-LINE-REWORD,Check allergies before real packaging is handled.,Cross-check 8 (teacher docs must contradict no lesson) fails here. BUILD_SCIENCE_PRACTICALS_MATRIX.html and BUILD_SCIENCE_PRACTICALS_MATRIX_PROGRESS_S,PROPOSED / not applied
BUILD,W6,SCI_B_W6B_Balanced_Plate_Do.html,low,MECHANICAL-FIX,What is the best improvement to an unlabeled plate model?,"US spelling in a file declared lang=""en-GB"" that uses the UK form 'labelled' four times elsewhere (success criteria 'Build a labelled model…', Support",PROPOSED / not applied
GROW,W3,SCI_G_W3A_Friction_Explore.html,high,MECHANICAL-FIX,"Trainer sole or rubber, smooth plastic/laminate, fabric/carpet, rough card/sandpaper, everyday friction pictur","The W3A equipment list offers sandpaper, but the pathway's own safety authority document forbids it. GROW_SCIENCE_PRACTICALS_MATRIX.html (and the PROG",FIXED 8084da9
GROW,W3,SCI_G_W3A_Friction_Explore.html,medium,ONE-LINE-REWORD,"<span class=""wh-bridge"" hidden>the rub that slows things down</span>",The WORD HELP bridge defines friction as the thing that slows movement — which is precisely the misconception this lesson exists to repair. The same f,PROPOSED / not applied
GROW,W3,SCI_G_W3A_Friction_Explore.html,medium,ONE-LINE-REWORD,"<b>Rule:</b> Arrival retrieves three times and then leads in. R1 is last lesson, R2 is the previous week, R3 i","Self-contradiction on the same slide. Six lines above, the retr-declare states: ""Weeks 1 and 2 were baseline. No science has been taught yet, so all t",FIXED 927be7a
GROW,W3,SCI_G_W3B_Friction_Do.html,medium,ONE-LINE-REWORD,"<b>Rule:</b> Arrival retrieves three times and then leads in. R1 is last lesson, R2 is the previous week, R3 i","Same unlocalised boilerplate as W3A. W3B's own retr-declare states: ""Week 3 is the first taught week. R1 recalls last lesson. R2 and R3 have no earlie",FIXED 927be7a
GROW,W3,SCI_G_W3B_Friction_Do.html,medium,MECHANICAL-FIX,Friction: Friend and Enemy — GROW Science · Week 3 (40-min route · Do),"The witness statement in W3B names the W3A lesson. W3B's own <h1> is ""Friction: Test the Surfaces"" and its <title> is ""GROW Science W3B · Do · Frictio",PROPOSED / not applied
GROW,W5,SCI_G_W5B_Fair_Test_Do.html,medium,MECHANICAL-FIX,"<div class=""print-box"">◆ Prepared table + marked release point + adult reads sequence aloud when needed.</div>",SCREEN/PRINT PARITY BREAK. The screen Supported route card reads '◆ Prepared table + marked release point. An adult reads each step aloud.' with scaff,PROPOSED / not applied
GROW,W5,SCI_G_W5B_Fair_Test_Do.html,medium,MECHANICAL-FIX,"<div class=""print-box"">▲ Three repeats with units + evidence-based conclusion.</div>
<h3>Scaffold</h3><div cla",SCREEN/PRINT PARITY BREAK. Screen Standard route card is '▲ Three repeats with units + a clear conclusion. Base it on your results.' with scaffold 'Co,PROPOSED / not applied
GROW,W5,SCI_G_W5B_Fair_Test_Do.html,medium,MECHANICAL-FIX,"<div class=""print-box"">★ Calculate means, identify unusual variation and evaluate one specific improvement.</d",SCREEN/PRINT PARITY BREAK. Screen Stretch route card is '★ Work out the mean for each surface. Look for unusual variation. Then evaluate one improveme,PROPOSED / not applied
GROW,W4,SCI_G_W4B_Mechanisms_Do.html,medium,ONE-LINE-REWORD,Moving the pivot makes lifting easier. Predict what gets harder at the same time.,Stated as an unconditional fact. Moving the pivot does not make lifting easier — it depends which way it moves. This lesson's own We Do lab teaches th,PROPOSED / not applied
GROW,W4,GROW_SCIENCE_PRACTICALS_MATRIX.html,medium,MECHANICAL-FIX,It covers the lever station only — pulleys and gears have no installed digital route in this lesson.,"False against the live W4A file. SCI_G_W4A_Mechanisms_Explore.html ships a Mechanism Hunt in We Do 2 with ""Test LEVER / Test PULLEY / Test GEARS"" butt",PROPOSED / not applied
GROW,W4,SCI_G_W4B_Mechanisms_Do.html,medium,MECHANICAL-FIX,"☐ Named lever, pulley and gear with one example each.</p><p style=""margin:0 0 5px"">☐ Identified the pivot corr","W4B's witness statement carries W4A's criteria verbatim. W4B's own success criteria are ""I can set up a lever safely / I can compare at least two pivo",PROPOSED / not applied
GROW,W4,SCI_G_W4B_Mechanisms_Do.html,low,MECHANICAL-FIX,"Levers, Pulleys and Gears — GROW Science · Week 4 (40-min route · Do)","The witness statement names W4A's lesson title. W4B's own title, on the title slide and at the head of the same print pack, is ""Mechanisms: Lever Inve",PROPOSED / not applied
GROW,W6,SCI_G_W6B_Earth_And_Planets_Do.html,high,MECHANICAL-FIX,"Planets in the right proportions. But if Earth is a 1 cm bead, Neptune sits about 1.2 km away - the distances ","The scale figure is wrong by roughly a factor of three. Pupils are told to use the frozen results as evidence, so the wrong number is the evidence bas",FIXED 8084da9
GROW,W6,SCI_G_W6B_Earth_And_Planets_Do.html,medium,ONE-LINE-REWORD,"<p style=""margin:0 0 5px"">☐ Classified planets as rocky or giant.</p>",The W6B Assessor Witness Statement is a verbatim copy of W6A's. It records a criterion W6B neither teaches nor assesses (rocky/giant classification ap,PROPOSED / not applied
GROW,W7,SCI_G_W7B_The_Moon_Do.html,medium,MECHANICAL-FIX,"<p style=""margin:0 0 5px"">☐ Stated that the Moon orbits Earth in about a month.</p><p style=""margin:0 0 5px"">☐","The W7B assessor witness statement records W7A's success criteria, not W7B's. W7B's own success criteria are ""I can use the model safely"", ""I can iden",PROPOSED / not applied
GROW,W7,SCI_G_W7B_The_Moon_Do.html,low,MECHANICAL-FIX,The Moon's Journey — GROW Science · Week 7 (40-min route · Do),"The W7B witness statement names the lesson ""The Moon's Journey"", which is the <h1> title of SCI_G_W7A_The_Moon_Explore.html. W7B's own <h1> is ""Moon P",PROPOSED / not applied
LAUNCH,W3,SCI_L_W3L1_Microscopy_Introduce.html,medium,MECHANICAL-FIX,"Arrival retrieves three times, then leads in. R1 is last lesson, R2 is the previous week, R3 is older material","This staff-facing note flatly contradicts the two declarations directly above it on the same slide. The box.scaf says ""Weeks 1 and 2 were baseline. Th",FIXED 927be7a
LAUNCH,W3,SCI_L_W3L2_Calculating_Magnification_Explore.html,medium,MECHANICAL-FIX,"Arrival retrieves three times, then leads in. R1 is last lesson, R2 is the previous week, R3 is older material","Same boilerplate note, same contradiction. The lq-declare above it states ""Week 3 is the first taught week. R1 recalls last lesson. R2 and R3 have no ",FIXED 927be7a
LAUNCH,W3,SCI_L_W3L3_Magnification_Lab_Do.html,medium,MECHANICAL-FIX,"Arrival retrieves three times, then leads in. R1 is last lesson, R2 is the previous week, R3 is older material","Third instance of the same boilerplate. Here it contradicts both the lq-declare (""Week 3 has no taught week behind it. R3 is a second Week 3 retrieval",FIXED 927be7a
LAUNCH,W4,SCI_L_W4L1_Diffusion_Introduce.html,medium,ONE-LINE-REWORD,"It leaves out that individual particles keep moving both ways the whole time — net movement is a balance, not ","The model-limitation caveat contradicts the ✔ line directly above it. The ✔ line says the model ""shows particles moving randomly and still producing a",FIXED 927be7a
LAUNCH,W4,SCI_L_W4L1_Diffusion_Introduce.html,medium,MECHANICAL-FIX,the difference between a crowded area and an empty one,"The WORD HELP bridge for concentration gradient defines the low-concentration side as ""empty"". A gradient runs between a higher and a LOWER concentrat",FIXED 927be7a
LAUNCH,W4,SCI_L_W4L2_Diffusion_Lungs_Explore.html,medium,MECHANICAL-FIX,the difference between a crowded area and an empty one,"Same defective bridge carried into W4L2, where it does direct damage: this lesson's whole argument is that blood flow keeps a gradient steep between a",FIXED 927be7a
LAUNCH,W6,LAUNCH_SCIENCE_PRACTICALS_MATRIX.html,medium,MECHANICAL-FIX,Desk-based with no hazard. <b>Small counters and beads are a choking risk</b> — check suitability for the grou,"The cell asserts ""no hazard"" and then names a choking hazard in the next sentence. It is the only Safety cell in the matrix that does this — every oth",FIXED 927be7a
LAUNCH,W6,LAUNCH_SCIENCE_PRACTICALS_MATRIX.html,medium,PROPOSED,reveal-step buttons for the two questions that separate the three processes.,"The W6L3 reveal-step buttons do not present two questions. The three steps in id=""W6L3-1"" are ""Build a four-question comparison matrix."", ""Model a tru",PROPOSED / not applied
LAUNCH,W6,SCI_L_W6L1_Active_Transport_Introduce.html,low,MECHANICAL-FIX,"It tests three real movements into and out of cells, and freezes which of them need energy.","All three movements the lab actually offers are inward: ""Oxygen into blood"", ""Water into a root"", ""Nitrate into a root"" (JS scData: 'Oxygen into the b",FIXED 927be7a
LAUNCH,W6,SCI_L_W6L1_Active_Transport_Introduce.html,low,MECHANICAL-FIX,"<p class=""pentry"" style=""margin:0 0 8px;font-size:.92rem""><b>Not here last lesson?</b> Everything you need is ","Screen/print parity break in the pointer. On screen the .entry-route box sits directly BELOW the retrieval box, so ""above"" is correct. In the print pa",FIXED 1da0209/2fce03d/927be7a
LAUNCH,W6,SCI_L_W6L3_Compare_Transport_Do.html,low,ONE-LINE-REWORD,"Arrival retrieves three times, then leads in. R1 is last lesson, R2 is the previous week, R3 is older material","In this lesson R2 is badged ""Week 6 · lesson 1"" (this week, not the previous week) and R3 is ""Week 5"" (the previous week). The boilerplate note theref",FIXED 927be7a
LAUNCH,W7,LAUNCH_SCIENCE_PRACTICALS_MATRIX.html,medium,MECHANICAL-FIX,"<td data-l=""Digital alternative"">In-lesson <b>Topic 1 retrieval map</b> — build the connections by button, one","The teacher doc names the wrong widget and mis-states what it does. In SCI_L_W7L1 the widget headed ""🧠 Topic 1 retrieval map"" is four click-to-open de",PROPOSED / not applied
LAUNCH,W7,SCI_L_W7L1_Topic_1_Round_Up_Introduce.html,low,MECHANICAL-FIX,"<p class=""pentry"" style=""margin:0 0 8px;font-size:.92rem""><b>Not here last lesson?</b> Everything you need is ","Screen/print reference inversion. On screen the entry-route box sits directly AFTER the retrieval box (""Retrieve the previous learning: W3–6 magnifica",FIXED 1da0209/2fce03d/927be7a
