file,slide,tier,surface,fk,inband,stem
GROW__SCI_G_W3A_Friction_Explore.html,arrival,Supported,screen,4.0,True,Point to something here that would be hard to slide along the floor.
GROW__SCI_G_W3A_Friction_Explore.html,arrival,Supported,screen,2.8,False,"Point or say: which is easier to walk on, wet ice or a dry path?"
GROW__SCI_G_W3A_Friction_Explore.html,arrival,Supported,screen,3.8,True,Show with your hands what happens when you rub them together fast.
GROW__SCI_G_W3A_Friction_Explore.html,arrival,Supported,screen,-0.6,False,Look at the two soles. Point to the one that grips.
GROW__SCI_G_W3A_Friction_Explore.html,arrival,Standard,screen,0.4,False,Name one thing that is hard to push along the floor. Say why you think it is hard.
GROW__SCI_G_W3A_Friction_Explore.html,arrival,Standard,screen,1.6,False,"Which is easier to walk on, wet ice or a dry path? Say what makes the difference."
GROW__SCI_G_W3A_Friction_Explore.html,arrival,Standard,screen,1.7,False,Rub your hands together. Say what you can feel changing.
GROW__SCI_G_W3A_Friction_Explore.html,arrival,Standard,screen,0.8,False,Trainers have patterned soles. An ice rink is kept smooth. Both are on purpose. Why?
GROW__SCI_G_W3A_Friction_Explore.html,arrival,Stretch,screen,9.7,False,Name one everyday job that would be impossible if nothing gripped anything.
GROW__SCI_G_W3A_Friction_Explore.html,arrival,Stretch,screen,1.5,False,The same shoes feel different on ice and on a dry path. Explain why.
GROW__SCI_G_W3A_Friction_Explore.html,arrival,Stretch,screen,-0.7,False,Your hands warm up when you rub them. Where do you think that heat comes from?
GROW__SCI_G_W3A_Friction_Explore.html,arrival,Stretch,screen,1.5,False,"Trainers grip and ice rinks slide, both by design. What is being controlled in each case?"
GROW__SCI_G_W3A_Friction_Explore.html,arrival,,screen,4.0,True,Point to something here that would be hard to slide along the floor.
GROW__SCI_G_W3A_Friction_Explore.html,arrival,,screen,2.8,False,"Point or say: which is easier to walk on, wet ice or a dry path?"
GROW__SCI_G_W3A_Friction_Explore.html,arrival,,screen,3.8,True,Show with your hands what happens when you rub them together fast.
GROW__SCI_G_W3A_Friction_Explore.html,arrival,,screen,-0.6,False,Look at the two soles. Point to the one that grips.
GROW__SCI_G_W3A_Friction_Explore.html,arrival,,screen,0.4,False,Name one thing that is hard to push along the floor. Say why you think it is hard.
GROW__SCI_G_W3A_Friction_Explore.html,arrival,,screen,1.6,False,"Which is easier to walk on, wet ice or a dry path? Say what makes the difference."
GROW__SCI_G_W3A_Friction_Explore.html,arrival,,screen,1.7,False,Rub your hands together. Say what you can feel changing.
GROW__SCI_G_W3A_Friction_Explore.html,arrival,,screen,0.8,False,Trainers have patterned soles. An ice rink is kept smooth. Both are on purpose. Why?
GROW__SCI_G_W3A_Friction_Explore.html,arrival,,screen,9.7,False,Name one everyday job that would be impossible if nothing gripped anything.
GROW__SCI_G_W3A_Friction_Explore.html,arrival,,screen,1.5,False,The same shoes feel different on ice and on a dry path. Explain why.
GROW__SCI_G_W3A_Friction_Explore.html,arrival,,screen,-0.7,False,Your hands warm up when you rub them. Where do you think that heat comes from?
GROW__SCI_G_W3A_Friction_Explore.html,arrival,,screen,1.5,False,"Trainers grip and ice rinks slide, both by design. What is being controlled in each case?"
GROW__SCI_G_W3A_Friction_Explore.html,starter,,screen,6.9,True,Why do trainers have patterned soles while an ice rink is deliberately smooth? Make a prediction — no science word is required yet.
GROW__SCI_G_W3A_Friction_Explore.html,independent,,screen,2.0,False,"Friction detective. Choose one real object, or a picture of one. You could pick a trainer, a tyre, a brake, a door handle or an engine part. Any other approved "
GROW__SCI_G_W3A_Friction_Explore.html,independent,,screen,2.6,False,◆ Use a labelled picture and the word bank. Add arrows to it. Then finish this line: ‘Friction helps because…’. 🧰 Open scaffold Word bank: friction · surface · 
GROW__SCI_G_W3A_Friction_Explore.html,independent,,screen,4.8,True,▲ Label two contact surfaces. Explain one helpful effect. Then explain one unhelpful effect. 🧰 Open scaffold Prompt card: surfaces → direction of friction → eff
GROW__SCI_G_W3A_Friction_Explore.html,independent,,screen,2.3,False,★ Find one place where a designer would add friction. Find one place to cut it. Give a science reason for each. 🧰 Open scaffold Add a design trade-off. What get
GROW__SCI_G_W3A_Friction_Explore.html,exit,Supported,screen,0.5,False,Name one place friction helps.
GROW__SCI_G_W3A_Friction_Explore.html,exit,Standard,screen,2.3,False,Explain why a car needs friction to stop.
GROW__SCI_G_W3A_Friction_Explore.html,exit,Stretch,screen,6.7,True,Explain why the same force can be a design solution and a design problem.
GROW__SCI_G_W3A_Friction_Explore.html,exit,,screen,0.5,False,Name one place friction helps.
GROW__SCI_G_W3A_Friction_Explore.html,exit,,screen,2.3,False,Explain why a car needs friction to stop.
GROW__SCI_G_W3A_Friction_Explore.html,exit,,screen,6.7,True,Explain why the same force can be a design solution and a design problem.
GROW__SCI_G_W3A_Friction_Explore.html,print,Supported,print,2.8,False,Supported independent route ◆ Use a labelled picture and the word bank. Add arrows to it. Then finish this line: ‘Friction helps because…’. Scaffold Word bank: 
GROW__SCI_G_W3A_Friction_Explore.html,print,Standard,print,6.5,True,Standard independent route ▲ Label two contact surfaces. Explain one helpful effect. Then explain one unhelpful effect. Scaffold Prompt card: surfaces → directi
GROW__SCI_G_W3A_Friction_Explore.html,print,Stretch,print,2.3,False,Stretch independent route ★ Find one place where a designer would add friction. Find one place to cut it. Give a science reason for each. Scaffold Add a design 
GROW__SCI_G_W3A_Friction_Explore.html,print,,print,1.8,False,◆ Use a labelled picture and the word bank. Add arrows to it. Then finish this line: ‘Friction helps because…’.
GROW__SCI_G_W3A_Friction_Explore.html,print,,print,1.8,False,Word bank: friction · surface · grip · rub · slow · heat. Use these words on your card. Sentence stem: ‘The surfaces are __ and __. Friction acts __. This is us
GROW__SCI_G_W3A_Friction_Explore.html,print,,print,7.0,True,▲ Label two contact surfaces. Explain one helpful effect. Then explain one unhelpful effect.
GROW__SCI_G_W3A_Friction_Explore.html,print,,print,4.4,True,Prompt card: surfaces → direction of friction → effect → why that effect matters. Do one box at a time.
GROW__SCI_G_W3A_Friction_Explore.html,print,,print,1.2,False,★ Find one place where a designer would add friction. Find one place to cut it. Give a science reason for each.
GROW__SCI_G_W3A_Friction_Explore.html,print,,print,1.2,False,Add a design trade-off. What gets better if friction changes? What new cost might that bring?
GROW__SCI_G_W3A_Friction_Explore.html,print,,print,10.7,False,"What this model helps us see: It shows that friction acts against the direction of motion, and that grip comes from the pair of surfaces touching, not from one "
GROW__SCI_G_W3A_Friction_Explore.html,print,,print,9.3,False,WORD HELP friction — the rub that slows things down surface — the outside face that touches resistance — pushing back against movement
GROW__SCI_G_W3A_Friction_Explore.html,print,,print,9.2,False,ONE closure line after an adult has genuinely received the response and given one next step: Next I will _______________________________________________________
GROW__SCI_G_W3A_Friction_Explore.html,print,,print,3.6,True,"GROW written close — the pupil writes this line: “What I said, and what it changed:” ________________________________________________________________ __________"
GROW__SCI_G_W3B_Friction_Do.html,arrival,Supported,screen,2.3,False,Point to a surface here where friction is high.
GROW__SCI_G_W3B_Friction_Do.html,arrival,Supported,screen,3.9,True,"Point or say: which slides further on a smooth floor, a sock or a rubber shoe?"
GROW__SCI_G_W3B_Friction_Do.html,arrival,Supported,screen,3.1,True,Show how you would make a toy car go further along the floor.
GROW__SCI_G_W3B_Friction_Do.html,arrival,Supported,screen,0.6,False,We test surfaces today. Point to the one you think will grip most.
GROW__SCI_G_W3B_Friction_Do.html,arrival,Standard,screen,1.5,False,Last lesson you decided when friction helps. Give one place it helps.
GROW__SCI_G_W3B_Friction_Do.html,arrival,Standard,screen,0.8,False,"Which would slide further on a smooth floor, a sock or a rubber shoe? Say why."
GROW__SCI_G_W3B_Friction_Do.html,arrival,Standard,screen,3.8,True,How would you make a toy car travel further along the floor?
GROW__SCI_G_W3B_Friction_Do.html,arrival,Standard,screen,1.5,False,"Today we test surfaces. Which surface will grip most, and how will we know?"
GROW__SCI_G_W3B_Friction_Do.html,arrival,Stretch,screen,3.1,True,Last lesson you found friction can be a problem too. Give one place a designer would want less of it.
GROW__SCI_G_W3B_Friction_Do.html,arrival,Stretch,screen,3.6,True,"Predict which slides further, then say what you would keep the same to be sure."
GROW__SCI_G_W3B_Friction_Do.html,arrival,Stretch,screen,1.5,False,A toy car stops sooner than you expected. Name two things that could explain it.
GROW__SCI_G_W3B_Friction_Do.html,arrival,Stretch,screen,3.8,True,Today we test surfaces. What would make our answer trustworthy to someone who was not here?
GROW__SCI_G_W3B_Friction_Do.html,arrival,,screen,2.3,False,Point to a surface here where friction is high.
GROW__SCI_G_W3B_Friction_Do.html,arrival,,screen,3.9,True,"Point or say: which slides further on a smooth floor, a sock or a rubber shoe?"
GROW__SCI_G_W3B_Friction_Do.html,arrival,,screen,3.1,True,Show how you would make a toy car go further along the floor.
GROW__SCI_G_W3B_Friction_Do.html,arrival,,screen,0.6,False,We test surfaces today. Point to the one you think will grip most.
GROW__SCI_G_W3B_Friction_Do.html,arrival,,screen,1.5,False,Last lesson you decided when friction helps. Give one place it helps.
GROW__SCI_G_W3B_Friction_Do.html,arrival,,screen,0.8,False,"Which would slide further on a smooth floor, a sock or a rubber shoe? Say why."
GROW__SCI_G_W3B_Friction_Do.html,arrival,,screen,3.8,True,How would you make a toy car travel further along the floor?
GROW__SCI_G_W3B_Friction_Do.html,arrival,,screen,1.5,False,"Today we test surfaces. Which surface will grip most, and how will we know?"
GROW__SCI_G_W3B_Friction_Do.html,arrival,,screen,3.1,True,Last lesson you found friction can be a problem too. Give one place a designer would want less of it.
GROW__SCI_G_W3B_Friction_Do.html,arrival,,screen,3.6,True,"Predict which slides further, then say what you would keep the same to be sure."
GROW__SCI_G_W3B_Friction_Do.html,arrival,,screen,1.5,False,A toy car stops sooner than you expected. Name two things that could explain it.
GROW__SCI_G_W3B_Friction_Do.html,arrival,,screen,3.8,True,Today we test surfaces. What would make our answer trustworthy to someone who was not here?
GROW__SCI_G_W3B_Friction_Do.html,starter,,screen,6.7,True,Which classroom surface will let the same block or trolley travel furthest? Commit your prediction before equipment comes out.
GROW__SCI_G_W3B_Friction_Do.html,independent,,screen,4.8,True,Surface investigation. Compare at least three safe surfaces. Use the same object. Use the same release method. Do this on every surface. Record the distance tra
GROW__SCI_G_W3B_Friction_Do.html,independent,,screen,3.9,True,◆ Use the prepared table. Start at the marked release point. Let the object go. Record LONGER or SHORTER. Or record the measured distance. 🧰 Open scaffold Visua
GROW__SCI_G_W3B_Friction_Do.html,independent,,screen,4.3,True,▲ Record the measured distance in centimetres (cm). Which surface made the most friction? Write that down. 🧰 Open scaffold Conclusion stem: ‘___ produced the mo
GROW__SCI_G_W3B_Friction_Do.html,independent,,screen,2.6,False,★ Repeat each surface. Check your repeats. Are they close? Then suggest one way to improve the method. 🧰 Open scaffold Evaluation prompt. You try to keep the me
GROW__SCI_G_W3B_Friction_Do.html,exit,Supported,screen,4.0,True,Which tested surface produced the most friction?
GROW__SCI_G_W3B_Friction_Do.html,exit,Standard,screen,7.2,False,Use one result to justify which surface produced most friction.
GROW__SCI_G_W3B_Friction_Do.html,exit,Stretch,screen,9.7,False,Explain one limitation of your investigation and how you would improve it.
GROW__SCI_G_W3B_Friction_Do.html,exit,,screen,4.0,True,Which tested surface produced the most friction?
GROW__SCI_G_W3B_Friction_Do.html,exit,,screen,7.2,False,Use one result to justify which surface produced most friction.
GROW__SCI_G_W3B_Friction_Do.html,exit,,screen,9.7,False,Explain one limitation of your investigation and how you would improve it.
GROW__SCI_G_W3B_Friction_Do.html,print,Supported,print,4.5,True,Supported independent route ◆ Use the prepared table. Start at the marked release point. Let the object go. Record LONGER or SHORTER. Or record the measured dis
GROW__SCI_G_W3B_Friction_Do.html,print,Standard,print,5.6,True,Standard independent route ▲ Record the measured distance in centimetres (cm). Which surface made the most friction? Write that down. Scaffold Conclusion stem: 
GROW__SCI_G_W3B_Friction_Do.html,print,Stretch,print,3.2,True,Stretch independent route ★ Repeat each surface. Check your repeats. Are they close? Then suggest one way to improve the method. Scaffold Evaluation prompt. You
GROW__SCI_G_W3B_Friction_Do.html,print,,print,3.1,True,◆ Use the prepared table. Start at the marked release point. Let the object go. Record LONGER or SHORTER. Or record the measured distance.
GROW__SCI_G_W3B_Friction_Do.html,print,,print,4.1,True,Visual sequence: predict → release from mark → measure → record → repeat → conclude. Do one step at a time. Tick each step off. Conclusion stem: ‘___ produced t
GROW__SCI_G_W3B_Friction_Do.html,print,,print,3.5,True,▲ Record the measured distance in centimetres (cm). Which surface made the most friction? Write that down.
GROW__SCI_G_W3B_Friction_Do.html,print,,print,5.1,True,Conclusion stem: ‘___ produced the most friction because the object travelled ___ compared with ___.’
GROW__SCI_G_W3B_Friction_Do.html,print,,print,2.0,False,★ Repeat each surface. Check your repeats. Are they close? Then suggest one way to improve the method.
GROW__SCI_G_W3B_Friction_Do.html,print,,print,2.2,False,Evaluation prompt. You try to keep the method the same. What might still vary?
GROW__SCI_G_W3B_Friction_Do.html,print,,print,10.8,False,"What this model helps us see: It lets you compare surfaces side by side when every surface gets the same release, so the surface is the only thing you changed. "
GROW__SCI_G_W3B_Friction_Do.html,print,,print,11.2,False,"WORD HELP evidence — what you found out, written down observation — what you saw, recorded carefully repeat — doing it again the same way"
GROW__SCI_G_W3B_Friction_Do.html,print,,print,9.2,False,ONE closure line after an adult has genuinely received the response and given one next step: Next I will _______________________________________________________
GROW__SCI_G_W3B_Friction_Do.html,print,,print,3.6,True,"GROW written close — the pupil writes this line: “What I said, and what it changed:” ________________________________________________________________ __________"
GROW__SCI_G_W4A_Mechanisms_Explore.html,arrival,Supported,screen,2.6,False,Point to the surface from last lesson that gripped the most.
GROW__SCI_G_W4A_Mechanisms_Explore.html,arrival,Supported,screen,0.5,False,Say one place friction helps.
GROW__SCI_G_W4A_Mechanisms_Explore.html,arrival,Supported,screen,4.8,True,Show with your hands what friction does to something sliding.
GROW__SCI_G_W4A_Mechanisms_Explore.html,arrival,Supported,screen,-0.7,False,Point to the door handle. It helps you push.
GROW__SCI_G_W4A_Mechanisms_Explore.html,arrival,Standard,screen,1.5,False,"Last lesson you tested surfaces. Which gave the most friction, and how did you know?"
GROW__SCI_G_W4A_Mechanisms_Explore.html,arrival,Standard,screen,2.3,False,In Week 3 you decided friction can help or get in the way. Give one example of each.
GROW__SCI_G_W4A_Mechanisms_Explore.html,arrival,Standard,screen,2.9,False,What does friction do to an object that is trying to slide?
GROW__SCI_G_W4A_Mechanisms_Explore.html,arrival,Standard,screen,0.4,False,Some tools let a small push do a big job. How do you think a door handle helps?
GROW__SCI_G_W4A_Mechanisms_Explore.html,arrival,Stretch,screen,6.2,True,Last lesson you used results as evidence. What made one result more trustworthy than another?
GROW__SCI_G_W4A_Mechanisms_Explore.html,arrival,Stretch,screen,7.7,False,Week 3: explain why the same force can be useful in one design and a problem in another.
GROW__SCI_G_W4A_Mechanisms_Explore.html,arrival,Stretch,screen,4.2,True,Friction acts against sliding. Name something else it produces that you could feel.
GROW__SCI_G_W4A_Mechanisms_Explore.html,arrival,Stretch,screen,1.2,False,A small effort can move a big load. What do you think is being given up to get that?
GROW__SCI_G_W4A_Mechanisms_Explore.html,arrival,,screen,2.6,False,Point to the surface from last lesson that gripped the most.
GROW__SCI_G_W4A_Mechanisms_Explore.html,arrival,,screen,0.5,False,Say one place friction helps.
GROW__SCI_G_W4A_Mechanisms_Explore.html,arrival,,screen,4.8,True,Show with your hands what friction does to something sliding.
GROW__SCI_G_W4A_Mechanisms_Explore.html,arrival,,screen,-0.7,False,Point to the door handle. It helps you push.
GROW__SCI_G_W4A_Mechanisms_Explore.html,arrival,,screen,1.5,False,"Last lesson you tested surfaces. Which gave the most friction, and how did you know?"
GROW__SCI_G_W4A_Mechanisms_Explore.html,arrival,,screen,2.3,False,In Week 3 you decided friction can help or get in the way. Give one example of each.
GROW__SCI_G_W4A_Mechanisms_Explore.html,arrival,,screen,2.9,False,What does friction do to an object that is trying to slide?
GROW__SCI_G_W4A_Mechanisms_Explore.html,arrival,,screen,0.4,False,Some tools let a small push do a big job. How do you think a door handle helps?
GROW__SCI_G_W4A_Mechanisms_Explore.html,arrival,,screen,6.2,True,Last lesson you used results as evidence. What made one result more trustworthy than another?
GROW__SCI_G_W4A_Mechanisms_Explore.html,arrival,,screen,7.7,False,Week 3: explain why the same force can be useful in one design and a problem in another.
GROW__SCI_G_W4A_Mechanisms_Explore.html,arrival,,screen,4.2,True,Friction acts against sliding. Name something else it produces that you could feel.
GROW__SCI_G_W4A_Mechanisms_Explore.html,arrival,,screen,1.2,False,A small effort can move a big load. What do you think is being given up to get that?
GROW__SCI_G_W4A_Mechanisms_Explore.html,starter,,screen,8.6,False,"How can one person lift, turn or move something that feels too difficult by hand? Choose a familiar object: scissors, wheelbarrow, spanner, bicycle or flagpole."
GROW__SCI_G_W4A_Mechanisms_Explore.html,independent,,screen,2.7,False,"Mechanism detective. Look at three approved examples. Handle them, or just inspect them. Name the mechanism in each one. Mark the pivot if there is one. Mark an"
GROW__SCI_G_W4A_Mechanisms_Explore.html,independent,,screen,2.5,False,◆ Match each example to LEVER / PULLEY / GEARS. Then point to the pivot on a lever. 🧰 Open scaffold Picture key: lever = bar + pivot; pulley = wheel + rope; gea
GROW__SCI_G_W4A_Mechanisms_Explore.html,independent,,screen,1.6,False,"▲ Name the mechanism. Then say what it changes. It may change force size, direction or turning. 🧰 Open scaffold Stem: ‘This is a ___ because ___. It helps by __"
GROW__SCI_G_W4A_Mechanisms_Explore.html,independent,,screen,2.3,False,★ Take at least two mechanisms. State the gain for each one. Then state the trade-off. 🧰 Open scaffold Use force and distance words. Or use speed and turning-ef
GROW__SCI_G_W4A_Mechanisms_Explore.html,exit,Supported,screen,2.3,False,Name the point a lever turns around.
GROW__SCI_G_W4A_Mechanisms_Explore.html,exit,Standard,screen,3.8,True,Explain why moving a pivot can change how hard a lift feels.
GROW__SCI_G_W4A_Mechanisms_Explore.html,exit,Stretch,screen,8.8,False,Explain why a mechanism cannot give a force advantage without a trade-off.
GROW__SCI_G_W4A_Mechanisms_Explore.html,exit,,screen,2.3,False,Name the point a lever turns around.
GROW__SCI_G_W4A_Mechanisms_Explore.html,exit,,screen,3.8,True,Explain why moving a pivot can change how hard a lift feels.
GROW__SCI_G_W4A_Mechanisms_Explore.html,exit,,screen,8.8,False,Explain why a mechanism cannot give a force advantage without a trade-off.
GROW__SCI_G_W4A_Mechanisms_Explore.html,print,Supported,print,2.5,False,Supported independent route ◆ Match each example to LEVER / PULLEY / GEARS. Then point to the pivot on a lever. Scaffold Picture key: lever = bar + pivot; pulle
GROW__SCI_G_W4A_Mechanisms_Explore.html,print,Standard,print,2.1,False,"Standard independent route ▲ Name the mechanism. Then say what it changes. It may change force size, direction or turning. Scaffold Stem: ‘This is a ___ because"
GROW__SCI_G_W4A_Mechanisms_Explore.html,print,Stretch,print,2.4,False,Stretch independent route ★ Take at least two mechanisms. State the gain for each one. Then state the trade-off. Scaffold Use force and distance words. Or use s
GROW__SCI_G_W4A_Mechanisms_Explore.html,print,,print,3.9,True,◆ Match each example to LEVER / PULLEY / GEARS. Then point to the pivot on a lever.
GROW__SCI_G_W4A_Mechanisms_Explore.html,print,,print,0.1,False,Picture key: lever = bar + pivot; pulley = wheel + rope; gears = toothed wheels. Match the picture first. Then say the name. Stem: ‘This is a ___ because ___. I
GROW__SCI_G_W4A_Mechanisms_Explore.html,print,,print,2.0,False,"▲ Name the mechanism. Then say what it changes. It may change force size, direction or turning."
GROW__SCI_G_W4A_Mechanisms_Explore.html,print,,print,-2.5,False,"Stem: ‘This is a ___ because ___. It helps by ___, but ___.’"
GROW__SCI_G_W4A_Mechanisms_Explore.html,print,,print,0.5,False,★ Take at least two mechanisms. State the gain for each one. Then state the trade-off.
GROW__SCI_G_W4A_Mechanisms_Explore.html,print,,print,1.8,False,Use force and distance words. Or use speed and turning-effect words. Do not just write ‘it makes it easier’.
GROW__SCI_G_W4A_Mechanisms_Explore.html,print,,print,9.1,False,"What this model helps us see: It shows where the effort, the pivot and the load sit, and that the mechanism changes the force you need. What this model does not"
GROW__SCI_G_W4A_Mechanisms_Explore.html,print,,print,8.0,False,WORD HELP mechanism — a part that changes a force pivot — the point it turns around effort — the push or pull you supply
GROW__SCI_G_W4A_Mechanisms_Explore.html,print,,print,9.2,False,ONE closure line after an adult has genuinely received the response and given one next step: Next I will _______________________________________________________
GROW__SCI_G_W4A_Mechanisms_Explore.html,print,,print,3.6,True,"GROW written close — the pupil writes this line: “What I said, and what it changed:” ________________________________________________________________ __________"
GROW__SCI_G_W4B_Mechanisms_Do.html,arrival,Supported,screen,0.6,False,Point to a lever in this room.
GROW__SCI_G_W4B_Mechanisms_Do.html,arrival,Supported,screen,2.3,False,Say which surface gripped most in the surface test.
GROW__SCI_G_W4B_Mechanisms_Do.html,arrival,Supported,screen,2.5,False,Point to something that needs grip.
GROW__SCI_G_W4B_Mechanisms_Do.html,arrival,Supported,screen,0.6,False,Watch the seesaw. Point to where you would sit to lift a heavy friend.
GROW__SCI_G_W4B_Mechanisms_Do.html,arrival,Standard,screen,1.5,False,"Last lesson you found levers, pulleys and gears. Name one and say what it changes."
GROW__SCI_G_W4B_Mechanisms_Do.html,arrival,Standard,screen,0.1,False,In Week 3 you tested surfaces. What did you keep the same so the test was fair?
GROW__SCI_G_W4B_Mechanisms_Do.html,arrival,Standard,screen,2.5,False,Week 3: give one place friction helps and one place it gets in the way.
GROW__SCI_G_W4B_Mechanisms_Do.html,arrival,Standard,screen,4.0,True,"On a seesaw, where would you sit to lift someone heavier than you?"
GROW__SCI_G_W4B_Mechanisms_Do.html,arrival,Stretch,screen,6.8,True,"Last lesson: explain what a mechanism changes about a force, and what it leaves alone."
GROW__SCI_G_W4B_Mechanisms_Do.html,arrival,Stretch,screen,9.7,False,Week 3: why does keeping everything else the same make a comparison trustworthy?
GROW__SCI_G_W4B_Mechanisms_Do.html,arrival,Stretch,screen,1.5,False,Week 3: friction and levers both change how hard a job feels. Say how they differ.
GROW__SCI_G_W4B_Mechanisms_Do.html,arrival,Stretch,screen,4.4,True,Moving the pivot towards the load makes lifting easier. Predict what gets harder at the same time.
GROW__SCI_G_W4B_Mechanisms_Do.html,arrival,,screen,0.6,False,Point to a lever in this room.
GROW__SCI_G_W4B_Mechanisms_Do.html,arrival,,screen,2.3,False,Say which surface gripped most in the surface test.
GROW__SCI_G_W4B_Mechanisms_Do.html,arrival,,screen,2.5,False,Point to something that needs grip.
GROW__SCI_G_W4B_Mechanisms_Do.html,arrival,,screen,0.6,False,Watch the seesaw. Point to where you would sit to lift a heavy friend.
GROW__SCI_G_W4B_Mechanisms_Do.html,arrival,,screen,1.5,False,"Last lesson you found levers, pulleys and gears. Name one and say what it changes."
GROW__SCI_G_W4B_Mechanisms_Do.html,arrival,,screen,0.1,False,In Week 3 you tested surfaces. What did you keep the same so the test was fair?
GROW__SCI_G_W4B_Mechanisms_Do.html,arrival,,screen,2.5,False,Week 3: give one place friction helps and one place it gets in the way.
GROW__SCI_G_W4B_Mechanisms_Do.html,arrival,,screen,4.0,True,"On a seesaw, where would you sit to lift someone heavier than you?"
GROW__SCI_G_W4B_Mechanisms_Do.html,arrival,,screen,6.8,True,"Last lesson: explain what a mechanism changes about a force, and what it leaves alone."
GROW__SCI_G_W4B_Mechanisms_Do.html,arrival,,screen,9.7,False,Week 3: why does keeping everything else the same make a comparison trustworthy?
GROW__SCI_G_W4B_Mechanisms_Do.html,arrival,,screen,1.5,False,Week 3: friction and levers both change how hard a job feels. Say how they differ.
GROW__SCI_G_W4B_Mechanisms_Do.html,arrival,,screen,4.4,True,Moving the pivot towards the load makes lifting easier. Predict what gets harder at the same time.
GROW__SCI_G_W4B_Mechanisms_Do.html,starter,,screen,10.4,False,"Predict before touching equipment: will a pivot nearer the load make the effort feel easier, harder or unchanged?"
GROW__SCI_G_W4B_Mechanisms_Do.html,independent,,screen,3.4,True,Lever investigation. Test two or three marked pivot positions. Use the same light load each time. Compare the effort at each position. Use an agreed scale for t
GROW__SCI_G_W4B_Mechanisms_Do.html,independent,,screen,3.5,True,◆ Test two pre-marked pivot positions. Then record which one feels easier. 🧰 Open scaffold Photo or diagram sequence. Two labelled pivot positions. Choice words
GROW__SCI_G_W4B_Mechanisms_Do.html,independent,,screen,3.0,True,"▲ Record the effort at two positions. Then explain why one of them is easier. 🧰 Open scaffold Stem: ‘When the pivot moved ___, the effort ___ because ___. The e"
GROW__SCI_G_W4B_Mechanisms_Do.html,independent,,screen,3.3,True,★ Measure the effort. Then measure the movement distance. Explain the trade-off. Use both pieces of evidence. 🧰 Open scaffold Compare the effort-arm length with
GROW__SCI_G_W4B_Mechanisms_Do.html,exit,Supported,screen,5.7,True,Which pivot position made your lift easier?
GROW__SCI_G_W4B_Mechanisms_Do.html,exit,Standard,screen,8.0,False,Use your evidence to explain why pivot position changed the effort.
GROW__SCI_G_W4B_Mechanisms_Do.html,exit,Stretch,screen,11.2,False,Explain the force–distance trade-off using your own measurements or observations.
GROW__SCI_G_W4B_Mechanisms_Do.html,exit,,screen,5.7,True,Which pivot position made your lift easier?
GROW__SCI_G_W4B_Mechanisms_Do.html,exit,,screen,8.0,False,Use your evidence to explain why pivot position changed the effort.
GROW__SCI_G_W4B_Mechanisms_Do.html,exit,,screen,11.2,False,Explain the force–distance trade-off using your own measurements or observations.
GROW__SCI_G_W4B_Mechanisms_Do.html,print,Supported,print,4.1,True,Supported independent route ◆ Test two pre-marked pivot positions. Then record which one feels easier. Scaffold Photo or diagram sequence. Two labelled pivot po
GROW__SCI_G_W4B_Mechanisms_Do.html,print,Standard,print,4.0,True,"Standard independent route ▲ Record the effort at two positions. Then explain why one of them is easier. Scaffold Stem: ‘When the pivot moved ___, the effort __"
GROW__SCI_G_W4B_Mechanisms_Do.html,print,Stretch,print,4.3,True,Stretch independent route ★ Measure the effort. Then measure the movement distance. Explain the trade-off. Use both pieces of evidence. Scaffold Compare the eff
GROW__SCI_G_W4B_Mechanisms_Do.html,print,,print,4.8,True,◆ Test two pre-marked pivot positions. Then record which one feels easier.
GROW__SCI_G_W4B_Mechanisms_Do.html,print,,print,2.6,False,Photo or diagram sequence. Two labelled pivot positions. Choice words: easier · harder · further · less far. Pick one word for each test. Stem: ‘When the pivot 
GROW__SCI_G_W4B_Mechanisms_Do.html,print,,print,4.0,True,▲ Record the effort at two positions. Then explain why one of them is easier.
GROW__SCI_G_W4B_Mechanisms_Do.html,print,,print,0.6,False,"Stem: ‘When the pivot moved ___, the effort ___ because ___. The effort end moved ___.’"
GROW__SCI_G_W4B_Mechanisms_Do.html,print,,print,5.1,True,★ Measure the effort. Then measure the movement distance. Explain the trade-off. Use both pieces of evidence.
GROW__SCI_G_W4B_Mechanisms_Do.html,print,,print,2.2,False,Compare the effort-arm length with the load-arm length. Use the ratio. Words are fine here. Use numbers if you are ready.
GROW__SCI_G_W4B_Mechanisms_Do.html,print,,print,8.0,False,What this model helps us see: It shows how moving the pivot changes the effort needed to lift the load. What this model does not show: It leaves out the frictio
GROW__SCI_G_W4B_Mechanisms_Do.html,print,,print,6.4,True,WORD HELP load — the thing being lifted pivot — the point it turns around effort — the push or pull you supply
GROW__SCI_G_W4B_Mechanisms_Do.html,print,,print,9.2,False,ONE closure line after an adult has genuinely received the response and given one next step: Next I will _______________________________________________________
GROW__SCI_G_W4B_Mechanisms_Do.html,print,,print,3.6,True,"GROW written close — the pupil writes this line: “What I said, and what it changed:” ________________________________________________________________ __________"
GROW__SCI_G_W5A_Fair_Test_Explore.html,arrival,Supported,screen,3.7,True,Point to where the pivot was when lifting was easiest.
GROW__SCI_G_W5A_Fair_Test_Explore.html,arrival,Supported,screen,0.6,False,Name one machine that helps you lift.
GROW__SCI_G_W5A_Fair_Test_Explore.html,arrival,Supported,screen,0.5,False,Say one place friction helps.
GROW__SCI_G_W5A_Fair_Test_Explore.html,arrival,Supported,screen,-1.4,False,Look at the test. Point to the one thing that should change.
GROW__SCI_G_W5A_Fair_Test_Explore.html,arrival,Standard,screen,2.5,False,Last lesson you moved the pivot. What happened to the effort needed?
GROW__SCI_G_W5A_Fair_Test_Explore.html,arrival,Standard,screen,3.4,True,"Week 4: name a lever, a pulley or a gear and say what it changes."
GROW__SCI_G_W5A_Fair_Test_Explore.html,arrival,Standard,screen,3.7,True,Week 3: what does friction do to a sliding object?
GROW__SCI_G_W5A_Fair_Test_Explore.html,arrival,Standard,screen,3.5,True,"If two things change at once in a test, why can we not tell which one mattered?"
GROW__SCI_G_W5A_Fair_Test_Explore.html,arrival,Stretch,screen,5.0,True,Last lesson: explain the trade you found when the pivot moved nearer the load.
GROW__SCI_G_W5A_Fair_Test_Explore.html,arrival,Stretch,screen,8.0,False,Week 4: explain why a mechanism cannot give you something for nothing.
GROW__SCI_G_W5A_Fair_Test_Explore.html,arrival,Stretch,screen,8.5,False,Week 3: you compared surfaces. What made that comparison believable?
GROW__SCI_G_W5A_Fair_Test_Explore.html,arrival,Stretch,screen,1.5,False,A test changes two things at once. Say exactly what it can no longer prove.
GROW__SCI_G_W5A_Fair_Test_Explore.html,arrival,,screen,3.7,True,Point to where the pivot was when lifting was easiest.
GROW__SCI_G_W5A_Fair_Test_Explore.html,arrival,,screen,0.6,False,Name one machine that helps you lift.
GROW__SCI_G_W5A_Fair_Test_Explore.html,arrival,,screen,0.5,False,Say one place friction helps.
GROW__SCI_G_W5A_Fair_Test_Explore.html,arrival,,screen,-1.4,False,Look at the test. Point to the one thing that should change.
GROW__SCI_G_W5A_Fair_Test_Explore.html,arrival,,screen,2.5,False,Last lesson you moved the pivot. What happened to the effort needed?
GROW__SCI_G_W5A_Fair_Test_Explore.html,arrival,,screen,3.4,True,"Week 4: name a lever, a pulley or a gear and say what it changes."
GROW__SCI_G_W5A_Fair_Test_Explore.html,arrival,,screen,3.7,True,Week 3: what does friction do to a sliding object?
GROW__SCI_G_W5A_Fair_Test_Explore.html,arrival,,screen,3.5,True,"If two things change at once in a test, why can we not tell which one mattered?"
GROW__SCI_G_W5A_Fair_Test_Explore.html,arrival,,screen,5.0,True,Last lesson: explain the trade you found when the pivot moved nearer the load.
GROW__SCI_G_W5A_Fair_Test_Explore.html,arrival,,screen,8.0,False,Week 4: explain why a mechanism cannot give you something for nothing.
GROW__SCI_G_W5A_Fair_Test_Explore.html,arrival,,screen,8.5,False,Week 3: you compared surfaces. What made that comparison believable?
GROW__SCI_G_W5A_Fair_Test_Explore.html,arrival,,screen,1.5,False,A test changes two things at once. Say exactly what it can no longer prove.
GROW__SCI_G_W5A_Fair_Test_Explore.html,starter,,screen,4.4,True,Watch a deliberately bad test: I change the surface AND push the trolley harder. The trolley goes further. What caused the change?
GROW__SCI_G_W5A_Fair_Test_Explore.html,independent,,screen,3.0,True,Plan tomorrow’s force fair test. Do this before you touch any equipment. Complete I CHANGE / I MEASURE / I KEEP THE SAME. Write the unit you will use. Then deci
GROW__SCI_G_W5A_Fair_Test_Explore.html,independent,,screen,2.0,False,◆ Use the variable cards. Use the word bank too. Then fill in the three-box planning frame. 🧰 Open scaffold Icons: ◆ CHANGE one thing · ▶ MEASURE with unit · ■ 
GROW__SCI_G_W5A_Fair_Test_Explore.html,independent,,screen,2.2,False,"▲ Write the method frame on your own. Pick two control variables. Then give a reason for each one. 🧰 Open scaffold Sentence: ‘I will change __, measure __ in __"
GROW__SCI_G_W5A_Fair_Test_Explore.html,independent,,screen,3.9,True,"★ Name one likely source of variation. Then explain how your method cuts its effect. 🧰 Open scaffold Add this line. ‘This control matters because if it changed,"
GROW__SCI_G_W5A_Fair_Test_Explore.html,exit,Supported,screen,6.9,True,How many things do we deliberately change in a fair test?
GROW__SCI_G_W5A_Fair_Test_Explore.html,exit,Standard,screen,5.4,True,Name one control variable for the planned force test and explain why it stays the same.
GROW__SCI_G_W5A_Fair_Test_Explore.html,exit,Stretch,screen,7.2,False,Explain why repeats help us judge the quality of evidence.
GROW__SCI_G_W5A_Fair_Test_Explore.html,exit,,screen,6.9,True,How many things do we deliberately change in a fair test?
GROW__SCI_G_W5A_Fair_Test_Explore.html,exit,,screen,5.4,True,Name one control variable for the planned force test and explain why it stays the same.
GROW__SCI_G_W5A_Fair_Test_Explore.html,exit,,screen,7.2,False,Explain why repeats help us judge the quality of evidence.
GROW__SCI_G_W5A_Fair_Test_Explore.html,print,Supported,print,1.8,False,Supported independent route ◆ Use the variable cards. Use the word bank too. Then fill in the three-box planning frame. Scaffold Icons: ◆ CHANGE one thing · ▶ M
GROW__SCI_G_W5A_Fair_Test_Explore.html,print,Standard,print,2.7,False,Standard independent route ▲ Write the method frame on your own. Pick two control variables. Then give a reason for each one. Scaffold Sentence: ‘I will change 
GROW__SCI_G_W5A_Fair_Test_Explore.html,print,Stretch,print,4.0,True,Stretch independent route ★ Name one likely source of variation. Then explain how your method cuts its effect. Scaffold Add this line. ‘This control matters bec
GROW__SCI_G_W5A_Fair_Test_Explore.html,print,,print,1.2,False,◆ Use the variable cards. Use the word bank too. Then fill in the three-box planning frame.
GROW__SCI_G_W5A_Fair_Test_Explore.html,print,,print,0.5,False,Icons: ◆ CHANGE one thing · ▶ MEASURE with unit · ■ KEEP SAME. Take one box at a time. Adult can read cards aloud. You can point to your card. Sentence: ‘I will
GROW__SCI_G_W5A_Fair_Test_Explore.html,print,,print,1.8,False,▲ Write the method frame on your own. Pick two control variables. Then give a reason for each one.
GROW__SCI_G_W5A_Fair_Test_Explore.html,print,,print,-0.5,False,"Sentence: ‘I will change __, measure __ in __, and keep __ and __ the same.’"
GROW__SCI_G_W5A_Fair_Test_Explore.html,print,,print,4.8,True,★ Name one likely source of variation. Then explain how your method cuts its effect.
GROW__SCI_G_W5A_Fair_Test_Explore.html,print,,print,0.6,False,"Add this line. ‘This control matters because if it changed, __ could affect __.’"
GROW__SCI_G_W5A_Fair_Test_Explore.html,print,,print,10.7,False,What this model helps us see: It shows one deliberate change set against the variables you decided to control. What this model does not show: It leaves out how 
GROW__SCI_G_W5A_Fair_Test_Explore.html,print,,print,8.3,False,WORD HELP variable — a thing that can change control — keep it the same on purpose fair test — only one thing changed on purpose
GROW__SCI_G_W5A_Fair_Test_Explore.html,print,,print,9.2,False,ONE closure line after an adult has genuinely received the response and given one next step: Next I will _______________________________________________________
GROW__SCI_G_W5A_Fair_Test_Explore.html,print,,print,3.6,True,"GROW written close — the pupil writes this line: “What I said, and what it changed:” ________________________________________________________________ __________"
GROW__SCI_G_W5B_Fair_Test_Do.html,arrival,Supported,screen,-0.3,False,Point to the thing we change in our test.
GROW__SCI_G_W5B_Fair_Test_Do.html,arrival,Supported,screen,4.0,True,Name one machine that makes lifting easier.
GROW__SCI_G_W5B_Fair_Test_Do.html,arrival,Supported,screen,0.5,False,Say which surface gripped most.
GROW__SCI_G_W5B_Fair_Test_Do.html,arrival,Supported,screen,2.6,False,We measure today. Point to the ruler.
GROW__SCI_G_W5B_Fair_Test_Do.html,arrival,Standard,screen,2.9,False,"Last lesson you named the variable to change, the one to measure, and the ones to keep the same. Name each for our test."
GROW__SCI_G_W5B_Fair_Test_Do.html,arrival,Standard,screen,3.8,True,Week 4: what does moving a lever's pivot change?
GROW__SCI_G_W5B_Fair_Test_Do.html,arrival,Standard,screen,2.9,False,"Week 3: which surface gave the most friction, and how did you know?"
GROW__SCI_G_W5B_Fair_Test_Do.html,arrival,Standard,screen,4.5,True,Today we record results with units. Why does a number with no unit tell us nothing?
GROW__SCI_G_W5B_Fair_Test_Do.html,arrival,Stretch,screen,10.4,False,Last lesson: explain why the controlled variables decide whether the result means anything.
GROW__SCI_G_W5B_Fair_Test_Do.html,arrival,Stretch,screen,2.3,False,Week 4: a mechanism trades force for distance. Explain that trade in your own words.
GROW__SCI_G_W5B_Fair_Test_Do.html,arrival,Stretch,screen,6.9,True,Week 3: what would you repeat before trusting a single surface result?
GROW__SCI_G_W5B_Fair_Test_Do.html,arrival,Stretch,screen,3.8,True,Two groups get different results for the same test. Name two honest reasons that could happen.
GROW__SCI_G_W5B_Fair_Test_Do.html,arrival,,screen,-0.3,False,Point to the thing we change in our test.
GROW__SCI_G_W5B_Fair_Test_Do.html,arrival,,screen,4.0,True,Name one machine that makes lifting easier.
GROW__SCI_G_W5B_Fair_Test_Do.html,arrival,,screen,0.5,False,Say which surface gripped most.
GROW__SCI_G_W5B_Fair_Test_Do.html,arrival,,screen,2.6,False,We measure today. Point to the ruler.
GROW__SCI_G_W5B_Fair_Test_Do.html,arrival,,screen,2.9,False,"Last lesson you named the variable to change, the one to measure, and the ones to keep the same. Name each for our test."
GROW__SCI_G_W5B_Fair_Test_Do.html,arrival,,screen,3.8,True,Week 4: what does moving a lever's pivot change?
GROW__SCI_G_W5B_Fair_Test_Do.html,arrival,,screen,2.9,False,"Week 3: which surface gave the most friction, and how did you know?"
GROW__SCI_G_W5B_Fair_Test_Do.html,arrival,,screen,4.5,True,Today we record results with units. Why does a number with no unit tell us nothing?
GROW__SCI_G_W5B_Fair_Test_Do.html,arrival,,screen,10.4,False,Last lesson: explain why the controlled variables decide whether the result means anything.
GROW__SCI_G_W5B_Fair_Test_Do.html,arrival,,screen,2.3,False,Week 4: a mechanism trades force for distance. Explain that trade in your own words.
GROW__SCI_G_W5B_Fair_Test_Do.html,arrival,,screen,6.9,True,Week 3: what would you repeat before trusting a single surface result?
GROW__SCI_G_W5B_Fair_Test_Do.html,arrival,,screen,3.8,True,Two groups get different results for the same test. Name two honest reasons that could happen.
GROW__SCI_G_W5B_Fair_Test_Do.html,starter,,screen,3.0,True,"Before equipment comes out, complete aloud: ‘I will change __, keep __ the same, and measure __ in __.’"
GROW__SCI_G_W5B_Fair_Test_Do.html,independent,,screen,2.9,False,Run your planned fair test. Aim for three surfaces. Change the surface each time. Measure the distance each time. Do three repeats on each surface. Keep the agr
GROW__SCI_G_W5B_Fair_Test_Do.html,independent,,screen,3.4,True,◆ Prepared table + marked release point. An adult reads each step aloud. 🧰 Open scaffold Sequence card: set → release → measure → record → reset. Show only the 
GROW__SCI_G_W5B_Fair_Test_Do.html,independent,,screen,3.4,True,"▲ Three repeats with units + a clear conclusion. Base it on your results. 🧰 Open scaffold Conclusion stem: ‘As ___ changed, ___ changed. My evidence for this is"
GROW__SCI_G_W5B_Fair_Test_Do.html,independent,,screen,3.6,True,★ Work out the mean for each surface. Look for unusual variation. Then evaluate one improvement. 🧰 Open scaffold Evaluation stem: ‘I trust ___ least. I say this
GROW__SCI_G_W5B_Fair_Test_Do.html,exit,Supported,screen,-1.1,False,State one thing you kept the same.
GROW__SCI_G_W5B_Fair_Test_Do.html,exit,Standard,screen,9.7,False,Use one result to answer the investigation question.
GROW__SCI_G_W5B_Fair_Test_Do.html,exit,Stretch,screen,7.6,False,Explain whether the repeats were consistent and what that means for your confidence.
GROW__SCI_G_W5B_Fair_Test_Do.html,exit,,screen,-1.1,False,State one thing you kept the same.
GROW__SCI_G_W5B_Fair_Test_Do.html,exit,,screen,9.7,False,Use one result to answer the investigation question.
GROW__SCI_G_W5B_Fair_Test_Do.html,exit,,screen,7.6,False,Explain whether the repeats were consistent and what that means for your confidence.
GROW__SCI_G_W5B_Fair_Test_Do.html,print,Supported,print,5.8,True,Supported independent route ◆ Prepared table + marked release point + adult reads sequence aloud when needed. Scaffold Sequence card: set → release → measure → 
GROW__SCI_G_W5B_Fair_Test_Do.html,print,Standard,print,9.0,False,"Standard independent route ▲ Three repeats with units + evidence-based conclusion. Scaffold Conclusion: ‘As ___ changed, ___. My evidence is ___.’"
GROW__SCI_G_W5B_Fair_Test_Do.html,print,Stretch,print,9.8,False,"Stretch independent route ★ Calculate means, identify unusual variation and evaluate one specific improvement. Scaffold Evaluation: ‘The result I trust least is"
GROW__SCI_G_W5B_Fair_Test_Do.html,print,,print,6.9,True,◆ Prepared table + marked release point + adult reads sequence aloud when needed.
GROW__SCI_G_W5B_Fair_Test_Do.html,print,,print,4.2,True,"Sequence card: set → release → measure → record → reset. Keep the next step visible, not the whole method. Conclusion: ‘As ___ changed, ___. My evidence is ___."
GROW__SCI_G_W5B_Fair_Test_Do.html,print,,print,14.3,False,▲ Three repeats with units + evidence-based conclusion.
GROW__SCI_G_W5B_Fair_Test_Do.html,print,,print,2.2,False,"Conclusion: ‘As ___ changed, ___. My evidence is ___.’"
GROW__SCI_G_W5B_Fair_Test_Do.html,print,,print,19.0,False,"★ Calculate means, identify unusual variation and evaluate one specific improvement."
GROW__SCI_G_W5B_Fair_Test_Do.html,print,,print,2.4,False,Evaluation: ‘The result I trust least is ___ because ___. I would improve ___ by ___.’
GROW__SCI_G_W5B_Fair_Test_Do.html,print,,print,10.0,False,What this model helps us see: It shows the pattern across your repeats once each set is averaged. What this model does not show: It leaves out how carefully eac
GROW__SCI_G_W5B_Fair_Test_Do.html,print,,print,11.8,False,"WORD HELP mean — the total of the repeats divided by the number of repeats unit — what the number is measured in evidence — what you found out, written down"
GROW__SCI_G_W5B_Fair_Test_Do.html,print,,print,9.2,False,ONE closure line after an adult has genuinely received the response and given one next step: Next I will _______________________________________________________
GROW__SCI_G_W5B_Fair_Test_Do.html,print,,print,3.6,True,"GROW written close — the pupil writes this line: “What I said, and what it changed:” ________________________________________________________________ __________"
GROW__SCI_G_W6A_Earth_And_Planets_Explore.html,arrival,Supported,screen,2.5,False,Point to the units we wrote next to our numbers.
GROW__SCI_G_W6A_Earth_And_Planets_Explore.html,arrival,Supported,screen,0.1,False,Say the one thing we change in a fair test.
GROW__SCI_G_W6A_Earth_And_Planets_Explore.html,arrival,Supported,screen,2.9,False,Point to something that turns.
GROW__SCI_G_W6A_Earth_And_Planets_Explore.html,arrival,Supported,screen,1.9,False,Look at the Solar System picture. Point to Earth.
GROW__SCI_G_W6A_Earth_And_Planets_Explore.html,arrival,Standard,screen,4.2,True,Last lesson you recorded results with units. Why did you repeat the readings?
GROW__SCI_G_W6A_Earth_And_Planets_Explore.html,arrival,Standard,screen,0.9,False,"Week 5: what must stay the same in a fair test, and why?"
GROW__SCI_G_W6A_Earth_And_Planets_Explore.html,arrival,Standard,screen,2.5,False,Week 4: what does a gear change about a turning force?
GROW__SCI_G_W6A_Earth_And_Planets_Explore.html,arrival,Standard,screen,0.9,False,The planets do not fly off into space. What do you think holds them on their paths?
GROW__SCI_G_W6A_Earth_And_Planets_Explore.html,arrival,Stretch,screen,5.8,True,Last lesson: explain how repeats changed how much you trusted the evidence.
GROW__SCI_G_W6A_Earth_And_Planets_Explore.html,arrival,Stretch,screen,5.6,True,"Week 5: explain why a fair test is about the claim you want to make, not the equipment."
GROW__SCI_G_W6A_Earth_And_Planets_Explore.html,arrival,Stretch,screen,2.3,False,Week 4: a force can be redirected or changed in size. Give one example of each.
GROW__SCI_G_W6A_Earth_And_Planets_Explore.html,arrival,Stretch,screen,1.6,False,A planet moves forward and is pulled inward at the same time. What shape does that make?
GROW__SCI_G_W6A_Earth_And_Planets_Explore.html,arrival,,screen,2.5,False,Point to the units we wrote next to our numbers.
GROW__SCI_G_W6A_Earth_And_Planets_Explore.html,arrival,,screen,0.1,False,Say the one thing we change in a fair test.
GROW__SCI_G_W6A_Earth_And_Planets_Explore.html,arrival,,screen,2.9,False,Point to something that turns.
GROW__SCI_G_W6A_Earth_And_Planets_Explore.html,arrival,,screen,1.9,False,Look at the Solar System picture. Point to Earth.
GROW__SCI_G_W6A_Earth_And_Planets_Explore.html,arrival,,screen,4.2,True,Last lesson you recorded results with units. Why did you repeat the readings?
GROW__SCI_G_W6A_Earth_And_Planets_Explore.html,arrival,,screen,0.9,False,"Week 5: what must stay the same in a fair test, and why?"
GROW__SCI_G_W6A_Earth_And_Planets_Explore.html,arrival,,screen,2.5,False,Week 4: what does a gear change about a turning force?
GROW__SCI_G_W6A_Earth_And_Planets_Explore.html,arrival,,screen,0.9,False,The planets do not fly off into space. What do you think holds them on their paths?
GROW__SCI_G_W6A_Earth_And_Planets_Explore.html,arrival,,screen,5.8,True,Last lesson: explain how repeats changed how much you trusted the evidence.
GROW__SCI_G_W6A_Earth_And_Planets_Explore.html,arrival,,screen,5.6,True,"Week 5: explain why a fair test is about the claim you want to make, not the equipment."
GROW__SCI_G_W6A_Earth_And_Planets_Explore.html,arrival,,screen,2.3,False,Week 4: a force can be redirected or changed in size. Give one example of each.
GROW__SCI_G_W6A_Earth_And_Planets_Explore.html,arrival,,screen,1.6,False,A planet moves forward and is pulled inward at the same time. What shape does that make?
GROW__SCI_G_W6A_Earth_And_Planets_Explore.html,starter,,screen,5.0,True,Imagine you are sending a probe away from Earth. Put these four in your best guess order from the Sun: Mercury · Earth · Jupiter · Neptune. Guessing is allowed.
GROW__SCI_G_W6A_Earth_And_Planets_Explore.html,independent,,screen,3.2,True,Make a Solar System strip or desk model. Put the planets in the right order. Label each planet type. Add an orbit note that shows MOTION and GRAVITY. Then write
GROW__SCI_G_W6A_Earth_And_Planets_Explore.html,independent,,screen,4.4,True,◆ Use the labelled cards. Follow the mnemonic strip. The gravity arrow is already drawn. 🧰 Open scaffold Mnemonic + numbered positions + icon key: ● rocky · ◯ g
GROW__SCI_G_W6A_Earth_And_Planets_Explore.html,independent,,screen,3.4,True,▲ Put all eight planets in order. Classify each one by type. Add gravity and motion arrows. 🧰 Open scaffold Orbit stem: ‘The planet keeps moving __. Gravity pul
GROW__SCI_G_W6A_Earth_And_Planets_Explore.html,independent,,screen,4.6,True,"★ Explain why an outer planet has a longer year. Then name one limit of the classroom model. 🧰 Open scaffold Model critique: check order, relative size, distanc"
GROW__SCI_G_W6A_Earth_And_Planets_Explore.html,exit,Supported,screen,0.6,False,Which planet is third from the Sun?
GROW__SCI_G_W6A_Earth_And_Planets_Explore.html,exit,Standard,screen,3.7,True,What force keeps planets in orbit around the Sun?
GROW__SCI_G_W6A_Earth_And_Planets_Explore.html,exit,Stretch,screen,4.9,True,Explain why a planet does not simply fly away in a straight line.
GROW__SCI_G_W6A_Earth_And_Planets_Explore.html,exit,,screen,0.6,False,Which planet is third from the Sun?
GROW__SCI_G_W6A_Earth_And_Planets_Explore.html,exit,,screen,3.7,True,What force keeps planets in orbit around the Sun?
GROW__SCI_G_W6A_Earth_And_Planets_Explore.html,exit,,screen,4.9,True,Explain why a planet does not simply fly away in a straight line.
GROW__SCI_G_W6A_Earth_And_Planets_Explore.html,print,Supported,print,6.6,True,Supported independent route ◆ Use the labelled cards and the mnemonic strip. The gravity arrow is already drawn. Scaffold Mnemonic + numbered positions + icon k
GROW__SCI_G_W6A_Earth_And_Planets_Explore.html,print,Standard,print,7.1,False,"Standard independent route ▲ Order all eight, classify them and add gravity/motion arrows. Scaffold Orbit stem: ‘The planet keeps moving __ while gravity pulls "
GROW__SCI_G_W6A_Earth_And_Planets_Explore.html,print,Stretch,print,12.7,False,Stretch independent route ★ Explain why an outer planet has a longer year and identify a limitation of the classroom model. Scaffold Model critique: distinguish
GROW__SCI_G_W6A_Earth_And_Planets_Explore.html,print,,print,5.7,True,◆ Use the labelled cards and the mnemonic strip. The gravity arrow is already drawn.
GROW__SCI_G_W6A_Earth_And_Planets_Explore.html,print,,print,5.4,True,"Mnemonic + numbered positions + icon key: ● rocky · ◯ gas giant · ◇ ice giant. Orbit stem: ‘The planet keeps moving __ while gravity pulls __, so the path __.’"
GROW__SCI_G_W6A_Earth_And_Planets_Explore.html,print,,print,8.4,False,"▲ Order all eight, classify them and add gravity/motion arrows."
GROW__SCI_G_W6A_Earth_And_Planets_Explore.html,print,,print,3.3,True,"Orbit stem: ‘The planet keeps moving __ while gravity pulls __, so the path __.’"
GROW__SCI_G_W6A_Earth_And_Planets_Explore.html,print,,print,11.2,False,★ Explain why an outer planet has a longer year and identify a limitation of the classroom model.
GROW__SCI_G_W6A_Earth_And_Planets_Explore.html,print,,print,12.0,False,"Model critique: distinguish order, relative size, distance and movement — which are represented and which are not?"
GROW__SCI_G_W6A_Earth_And_Planets_Explore.html,print,,print,9.1,False,What this model helps us see: It shows the order of the planets and that each orbit is a closed path around the Sun. What this model does not show: It leaves ou
GROW__SCI_G_W6A_Earth_And_Planets_Explore.html,print,,print,12.0,False,WORD HELP orbit — the path one object takes around another gravity — the pull between masses Solar System — the Sun and everything going round it
GROW__SCI_G_W6A_Earth_And_Planets_Explore.html,print,,print,9.2,False,ONE closure line after an adult has genuinely received the response and given one next step: Next I will _______________________________________________________
GROW__SCI_G_W6A_Earth_And_Planets_Explore.html,print,,print,3.6,True,"GROW written close — the pupil writes this line: “What I said, and what it changed:” ________________________________________________________________ __________"
GROW__SCI_G_W6B_Earth_And_Planets_Do.html,arrival,Supported,screen,2.3,False,Point to the planet closest to the Sun.
GROW__SCI_G_W6B_Earth_And_Planets_Do.html,arrival,Supported,screen,0.1,False,Say the one thing we change in a fair test.
GROW__SCI_G_W6B_Earth_And_Planets_Do.html,arrival,Supported,screen,0.5,False,Point to a surface that grips.
GROW__SCI_G_W6B_Earth_And_Planets_Do.html,arrival,Supported,screen,0.5,False,We build a model today. Point to what it should show.
GROW__SCI_G_W6B_Earth_And_Planets_Do.html,arrival,Standard,screen,1.5,False,Last lesson you put the planets in order. Which one is third from the Sun?
GROW__SCI_G_W6B_Earth_And_Planets_Do.html,arrival,Standard,screen,2.5,False,"Week 5: name what to change, what to measure and what to keep the same."
GROW__SCI_G_W6B_Earth_And_Planets_Do.html,arrival,Standard,screen,3.7,True,Week 3: what does friction do to a moving object?
GROW__SCI_G_W6B_Earth_And_Planets_Do.html,arrival,Standard,screen,1.6,False,Our model cannot show the right size and the right distance at once. Which should we choose?
GROW__SCI_G_W6B_Earth_And_Planets_Do.html,arrival,Stretch,screen,8.4,False,Last lesson: explain how gravity keeps a planet in orbit instead of moving in a straight line.
GROW__SCI_G_W6B_Earth_And_Planets_Do.html,arrival,Stretch,screen,6.0,True,"Week 5: explain why a model, like a test, has to be honest about its limits."
GROW__SCI_G_W6B_Earth_And_Planets_Do.html,arrival,Stretch,screen,2.3,False,Week 3: there is almost no friction in space. Say what that changes about motion.
GROW__SCI_G_W6B_Earth_And_Planets_Do.html,arrival,Stretch,screen,5.4,True,Every model gets something wrong on purpose. What must ours get right to be useful?
GROW__SCI_G_W6B_Earth_And_Planets_Do.html,arrival,,screen,2.3,False,Point to the planet closest to the Sun.
GROW__SCI_G_W6B_Earth_And_Planets_Do.html,arrival,,screen,0.1,False,Say the one thing we change in a fair test.
GROW__SCI_G_W6B_Earth_And_Planets_Do.html,arrival,,screen,0.5,False,Point to a surface that grips.
GROW__SCI_G_W6B_Earth_And_Planets_Do.html,arrival,,screen,0.5,False,We build a model today. Point to what it should show.
GROW__SCI_G_W6B_Earth_And_Planets_Do.html,arrival,,screen,1.5,False,Last lesson you put the planets in order. Which one is third from the Sun?
GROW__SCI_G_W6B_Earth_And_Planets_Do.html,arrival,,screen,2.5,False,"Week 5: name what to change, what to measure and what to keep the same."
GROW__SCI_G_W6B_Earth_And_Planets_Do.html,arrival,,screen,3.7,True,Week 3: what does friction do to a moving object?
GROW__SCI_G_W6B_Earth_And_Planets_Do.html,arrival,,screen,1.6,False,Our model cannot show the right size and the right distance at once. Which should we choose?
GROW__SCI_G_W6B_Earth_And_Planets_Do.html,arrival,,screen,8.4,False,Last lesson: explain how gravity keeps a planet in orbit instead of moving in a straight line.
GROW__SCI_G_W6B_Earth_And_Planets_Do.html,arrival,,screen,6.0,True,"Week 5: explain why a model, like a test, has to be honest about its limits."
GROW__SCI_G_W6B_Earth_And_Planets_Do.html,arrival,,screen,2.3,False,Week 3: there is almost no friction in space. Say what that changes about motion.
GROW__SCI_G_W6B_Earth_And_Planets_Do.html,arrival,,screen,5.4,True,Every model gets something wrong on purpose. What must ours get right to be useful?
GROW__SCI_G_W6B_Earth_And_Planets_Do.html,starter,,screen,6.3,True,"If the Sun’s gravity disappeared in our model, what would you predict happens to Earth’s path? Choose a direction before the model runs."
GROW__SCI_G_W6B_Earth_And_Planets_Do.html,independent,,screen,4.3,True,Build a desk or floor model. Place the planets in order. Show one orbit safely. Add MOTION FORWARD + GRAVITY INWARD labels. Then explain one limit. Say what you
GROW__SCI_G_W6B_Earth_And_Planets_Do.html,independent,,screen,2.3,False,◆ Use the numbered planet cards. The type key is given. The orbit arrows are drawn. 🧰 Open scaffold Show only the next three planet cards. Keep the rest face do
GROW__SCI_G_W6B_Earth_And_Planets_Do.html,independent,,screen,4.3,True,▲ Build the correct order yourself. Then annotate your model. Show gravity with one arrow. Show motion with another. 🧰 Open scaffold Two-arrow frame: ‘Motion ca
GROW__SCI_G_W6B_Earth_And_Planets_Do.html,independent,,screen,3.9,True,★ Outer planets have longer years. Explain why this happens. Then evaluate your model. Say which part is least realistic. 🧰 Open scaffold Compare two models you
GROW__SCI_G_W6B_Earth_And_Planets_Do.html,exit,Supported,screen,3.8,True,Name the force pulling planets towards the Sun.
GROW__SCI_G_W6B_Earth_And_Planets_Do.html,exit,Standard,screen,8.0,False,Explain how gravity and forward motion combine to make an orbit.
GROW__SCI_G_W6B_Earth_And_Planets_Do.html,exit,Stretch,screen,7.6,False,Evaluate one strength and one limitation of your model.
GROW__SCI_G_W6B_Earth_And_Planets_Do.html,exit,,screen,3.8,True,Name the force pulling planets towards the Sun.
GROW__SCI_G_W6B_Earth_And_Planets_Do.html,exit,,screen,8.0,False,Explain how gravity and forward motion combine to make an orbit.
GROW__SCI_G_W6B_Earth_And_Planets_Do.html,exit,,screen,7.6,False,Evaluate one strength and one limitation of your model.
GROW__SCI_G_W6B_Earth_And_Planets_Do.html,print,Supported,print,5.8,True,Supported independent route ◆ Use the numbered planet cards. The type key and the orbit arrows are given. Scaffold Keep only the next three planet cards visible
GROW__SCI_G_W6B_Earth_And_Planets_Do.html,print,Standard,print,15.0,False,Standard independent route ▲ Build order independently and annotate gravity/motion. Scaffold Two-arrow explanation frame.
GROW__SCI_G_W6B_Earth_And_Planets_Do.html,print,Stretch,print,11.3,False,Stretch independent route ★ Explain longer years for outer planets and evaluate which part of the model is least realistic. Scaffold Compare two possible models
GROW__SCI_G_W6B_Earth_And_Planets_Do.html,print,,print,3.2,True,◆ Use the numbered planet cards. The type key and the orbit arrows are given.
GROW__SCI_G_W6B_Earth_And_Planets_Do.html,print,,print,6.1,True,Keep only the next three planet cards visible at a time; use order strip if needed.
GROW__SCI_G_W6B_Earth_And_Planets_Do.html,print,,print,15.8,False,▲ Build order independently and annotate gravity/motion.
GROW__SCI_G_W6B_Earth_And_Planets_Do.html,print,,print,13.1,False,Two-arrow explanation frame.
GROW__SCI_G_W6B_Earth_And_Planets_Do.html,print,,print,9.1,False,★ Explain longer years for outer planets and evaluate which part of the model is least realistic.
GROW__SCI_G_W6B_Earth_And_Planets_Do.html,print,,print,11.7,False,Compare two possible models and decide which better answers today’s scientific question.
GROW__SCI_G_W6B_Earth_And_Planets_Do.html,print,,print,9.4,False,What this model helps us see: It shows the order of the planets and the direction they travel around the Sun. What this model does not show: It leaves out scale
GROW__SCI_G_W6B_Earth_And_Planets_Do.html,print,,print,11.5,False,WORD HELP model — something built to stand for the real thing orbit — the path one object takes around another represent — stand for something real
GROW__SCI_G_W6B_Earth_And_Planets_Do.html,print,,print,9.2,False,ONE closure line after an adult has genuinely received the response and given one next step: Next I will _______________________________________________________
GROW__SCI_G_W6B_Earth_And_Planets_Do.html,print,,print,3.6,True,"GROW written close — the pupil writes this line: “What I said, and what it changed:” ________________________________________________________________ __________"
GROW__SCI_G_W7A_The_Moon_Explore.html,arrival,Supported,screen,3.7,True,Point to the part of your model that was accurate.
GROW__SCI_G_W7A_The_Moon_Explore.html,arrival,Supported,screen,0.5,False,Point to Earth in the picture.
GROW__SCI_G_W7A_The_Moon_Explore.html,arrival,Supported,screen,0.1,False,Say the one thing we change in a fair test.
GROW__SCI_G_W7A_The_Moon_Explore.html,arrival,Supported,screen,0.5,False,Look at the Moon pictures. Point to the fullest one.
GROW__SCI_G_W7A_The_Moon_Explore.html,arrival,Standard,screen,2.5,False,Last lesson you built a Solar System model. Name one thing it showed well and one it could not show.
GROW__SCI_G_W7A_The_Moon_Explore.html,arrival,Standard,screen,3.7,True,Week 6: what holds the planets on their orbits around the Sun?
GROW__SCI_G_W7A_The_Moon_Explore.html,arrival,Standard,screen,6.4,True,Week 5: why do we repeat measurements?
GROW__SCI_G_W7A_The_Moon_Explore.html,arrival,Standard,screen,2.3,False,The Moon looks a different shape each week. Does the Moon itself really change?
GROW__SCI_G_W7A_The_Moon_Explore.html,arrival,Stretch,screen,5.9,True,Last lesson: explain how you decided what your model was allowed to get wrong.
GROW__SCI_G_W7A_The_Moon_Explore.html,arrival,Stretch,screen,10.7,False,Week 6: explain how movement and gravity together produce an orbit.
GROW__SCI_G_W7A_The_Moon_Explore.html,arrival,Stretch,screen,5.8,True,Week 5: explain how you would check an observation you could not repeat.
GROW__SCI_G_W7A_The_Moon_Explore.html,arrival,Stretch,screen,1.5,False,The Sun always lights half the Moon. So why do we see different shapes?
GROW__SCI_G_W7A_The_Moon_Explore.html,arrival,,screen,3.7,True,Point to the part of your model that was accurate.
GROW__SCI_G_W7A_The_Moon_Explore.html,arrival,,screen,0.5,False,Point to Earth in the picture.
GROW__SCI_G_W7A_The_Moon_Explore.html,arrival,,screen,0.1,False,Say the one thing we change in a fair test.
GROW__SCI_G_W7A_The_Moon_Explore.html,arrival,,screen,0.5,False,Look at the Moon pictures. Point to the fullest one.
GROW__SCI_G_W7A_The_Moon_Explore.html,arrival,,screen,2.5,False,Last lesson you built a Solar System model. Name one thing it showed well and one it could not show.
GROW__SCI_G_W7A_The_Moon_Explore.html,arrival,,screen,3.7,True,Week 6: what holds the planets on their orbits around the Sun?
GROW__SCI_G_W7A_The_Moon_Explore.html,arrival,,screen,6.4,True,Week 5: why do we repeat measurements?
GROW__SCI_G_W7A_The_Moon_Explore.html,arrival,,screen,2.3,False,The Moon looks a different shape each week. Does the Moon itself really change?
GROW__SCI_G_W7A_The_Moon_Explore.html,arrival,,screen,5.9,True,Last lesson: explain how you decided what your model was allowed to get wrong.
GROW__SCI_G_W7A_The_Moon_Explore.html,arrival,,screen,10.7,False,Week 6: explain how movement and gravity together produce an orbit.
GROW__SCI_G_W7A_The_Moon_Explore.html,arrival,,screen,5.8,True,Week 5: explain how you would check an observation you could not repeat.
GROW__SCI_G_W7A_The_Moon_Explore.html,arrival,,screen,1.5,False,The Sun always lights half the Moon. So why do we see different shapes?
GROW__SCI_G_W7A_The_Moon_Explore.html,starter,,screen,4.7,True,"Look at four Moon pictures: crescent, half, full, almost invisible. What might be changing? You do not need the answer yet — choose a hypothesis."
GROW__SCI_G_W7A_The_Moon_Explore.html,independent,,screen,4.3,True,Make or sequence a four-position phase strip or wheel. Do this for each position: SUNLIGHT DIRECTION → LIT HALF → WHAT WE SEE FROM EARTH. Then write one sentenc
GROW__SCI_G_W7A_The_Moon_Explore.html,independent,,screen,2.5,False,◆ Match the four labelled phases. Put each one in its position. Follow the printed sunlight arrow. 🧰 Open scaffold Start with NEW · QUARTER · FULL · QUARTER onl
GROW__SCI_G_W7A_The_Moon_Explore.html,independent,,screen,2.1,False,▲ Put the phases in order. Then explain one phase. Use reflected-light words in your answer. 🧰 Open scaffold Stem: ‘The Moon looks ___ tonight. This is because 
GROW__SCI_G_W7A_The_Moon_Explore.html,independent,,screen,4.4,True,★ An eclipse is not part of the normal phase cycle. Say why this is so. Then critique one limit of the model. 🧰 Open scaffold Talk about the observer and the vi
GROW__SCI_G_W7A_The_Moon_Explore.html,exit,Supported,screen,2.3,False,Does the Moon make its own visible light?
GROW__SCI_G_W7A_The_Moon_Explore.html,exit,Standard,screen,3.7,True,Explain why the Moon appears to change shape during the month.
GROW__SCI_G_W7A_The_Moon_Explore.html,exit,Stretch,screen,3.7,True,Explain why normal phases are not caused by Earth’s shadow.
GROW__SCI_G_W7A_The_Moon_Explore.html,exit,,screen,2.3,False,Does the Moon make its own visible light?
GROW__SCI_G_W7A_The_Moon_Explore.html,exit,,screen,3.7,True,Explain why the Moon appears to change shape during the month.
GROW__SCI_G_W7A_The_Moon_Explore.html,exit,,screen,3.7,True,Explain why normal phases are not caused by Earth’s shadow.
GROW__SCI_G_W7A_The_Moon_Explore.html,print,Supported,print,5.3,True,Supported independent route ◆ Match four labelled phases to positions and follow a printed sunlight arrow. Scaffold Use only NEW · QUARTER · FULL · QUARTER firs
GROW__SCI_G_W7A_The_Moon_Explore.html,print,Standard,print,4.9,True,Standard independent route ▲ Sequence phases and explain one using reflected-light language. Scaffold Stem: ‘The Moon looks ___ because we can see ___ of the ha
GROW__SCI_G_W7A_The_Moon_Explore.html,print,Stretch,print,12.7,False,Stretch independent route ★ Explain why an eclipse is not part of the normal phase cycle and critique one model limitation. Scaffold Use observer/viewing-angle 
GROW__SCI_G_W7A_The_Moon_Explore.html,print,,print,6.8,True,◆ Match four labelled phases to positions and follow a printed sunlight arrow.
GROW__SCI_G_W7A_The_Moon_Explore.html,print,,print,2.9,False,Use only NEW · QUARTER · FULL · QUARTER first; add crescents after the core idea is secure. Stem: ‘The Moon looks ___ because we can see ___ of the half lit by 
GROW__SCI_G_W7A_The_Moon_Explore.html,print,,print,9.7,False,▲ Sequence phases and explain one using reflected-light language.
GROW__SCI_G_W7A_The_Moon_Explore.html,print,,print,-0.7,False,Stem: ‘The Moon looks ___ because we can see ___ of the half lit by the Sun.’
GROW__SCI_G_W7A_The_Moon_Explore.html,print,,print,9.8,False,★ Explain why an eclipse is not part of the normal phase cycle and critique one model limitation.
GROW__SCI_G_W7A_The_Moon_Explore.html,print,,print,16.8,False,Use observer/viewing-angle language and explicitly compare eclipse geometry.
GROW__SCI_G_W7A_The_Moon_Explore.html,print,,print,7.7,False,What this model helps us see: It shows that the lit half always faces the Sun while the part we can see changes. What this model does not show: It leaves out th
GROW__SCI_G_W7A_The_Moon_Explore.html,print,,print,9.8,False,WORD HELP phase — the shape of the Moon we can see orbit — the path one object takes around another observer — the person looking
GROW__SCI_G_W7A_The_Moon_Explore.html,print,,print,9.2,False,ONE closure line after an adult has genuinely received the response and given one next step: Next I will _______________________________________________________
GROW__SCI_G_W7A_The_Moon_Explore.html,print,,print,3.6,True,"GROW written close — the pupil writes this line: “What I said, and what it changed:” ________________________________________________________________ __________"
GROW__SCI_G_W7B_The_Moon_Do.html,arrival,Supported,screen,0.5,False,Point to the Full Moon picture.
GROW__SCI_G_W7B_The_Moon_Do.html,arrival,Supported,screen,0.6,False,Point to the Sun in the model.
GROW__SCI_G_W7B_The_Moon_Do.html,arrival,Supported,screen,2.9,False,Point to something that turns.
GROW__SCI_G_W7B_The_Moon_Do.html,arrival,Supported,screen,-1.1,False,We make the phases with a ball and a lamp. Point to the lamp.
GROW__SCI_G_W7B_The_Moon_Do.html,arrival,Standard,screen,2.3,False,Last lesson you explained why the Moon seems to change shape. What is really changing?
GROW__SCI_G_W7B_The_Moon_Do.html,arrival,Standard,screen,5.0,True,Week 6: what keeps the planets travelling around the Sun?
GROW__SCI_G_W7B_The_Moon_Do.html,arrival,Standard,screen,3.7,True,Week 4: what does a mechanism change about a force?
GROW__SCI_G_W7B_The_Moon_Do.html,arrival,Standard,screen,1.5,False,Today you make the phases appear on command. What will the lamp stand for?
GROW__SCI_G_W7B_The_Moon_Do.html,arrival,Stretch,screen,5.5,True,Last lesson: explain why the lit half of the Moon stays the same even though our view does not.
GROW__SCI_G_W7B_The_Moon_Do.html,arrival,Stretch,screen,9.1,False,Week 6: explain why an orbit needs motion and gravity acting together.
GROW__SCI_G_W7B_The_Moon_Do.html,arrival,Stretch,screen,5.0,True,Week 4: explain what a model of a mechanism can show and what it hides.
GROW__SCI_G_W7B_The_Moon_Do.html,arrival,Stretch,screen,3.0,True,A phase and an eclipse look related but are not the same. What must your model separate?
GROW__SCI_G_W7B_The_Moon_Do.html,arrival,,screen,0.5,False,Point to the Full Moon picture.
GROW__SCI_G_W7B_The_Moon_Do.html,arrival,,screen,0.6,False,Point to the Sun in the model.
GROW__SCI_G_W7B_The_Moon_Do.html,arrival,,screen,2.9,False,Point to something that turns.
GROW__SCI_G_W7B_The_Moon_Do.html,arrival,,screen,-1.1,False,We make the phases with a ball and a lamp. Point to the lamp.
GROW__SCI_G_W7B_The_Moon_Do.html,arrival,,screen,2.3,False,Last lesson you explained why the Moon seems to change shape. What is really changing?
GROW__SCI_G_W7B_The_Moon_Do.html,arrival,,screen,5.0,True,Week 6: what keeps the planets travelling around the Sun?
GROW__SCI_G_W7B_The_Moon_Do.html,arrival,,screen,3.7,True,Week 4: what does a mechanism change about a force?
GROW__SCI_G_W7B_The_Moon_Do.html,arrival,,screen,1.5,False,Today you make the phases appear on command. What will the lamp stand for?
GROW__SCI_G_W7B_The_Moon_Do.html,arrival,,screen,5.5,True,Last lesson: explain why the lit half of the Moon stays the same even though our view does not.
GROW__SCI_G_W7B_The_Moon_Do.html,arrival,,screen,9.1,False,Week 6: explain why an orbit needs motion and gravity acting together.
GROW__SCI_G_W7B_The_Moon_Do.html,arrival,,screen,5.0,True,Week 4: explain what a model of a mechanism can show and what it hides.
GROW__SCI_G_W7B_The_Moon_Do.html,arrival,,screen,3.0,True,A phase and an eclipse look related but are not the same. What must your model separate?
GROW__SCI_G_W7B_The_Moon_Do.html,starter,,screen,4.3,True,Predict what the observer will see when the Moon is between Earth and the Sun in our model. Commit before the light/ball moves.
GROW__SCI_G_W7B_The_Moon_Do.html,independent,,screen,2.4,False,Work in pairs or in a group set by your teacher. Run the torch-and-ball model. Stop at four positions. Sketch or choose what the observer sees. Then build or la
GROW__SCI_G_W7B_The_Moon_Do.html,independent,,screen,3.3,True,◆ Use the four-position wheel. The sunlight arrow is printed for you. Match what the observer sees. 🧰 Open scaffold An adult can hold the torch if needed. The p
GROW__SCI_G_W7B_The_Moon_Do.html,independent,,screen,4.1,True,▲ Build and label the wheel. Then explain why the shape we see changes. 🧰 Open scaffold Reasoning frame: light source → Moon position → visible part → phase. Wo
GROW__SCI_G_W7B_The_Moon_Do.html,independent,,screen,5.0,True,★ Compare a phase with an eclipse. Then evaluate one limit of the physical model. 🧰 Open scaffold Name one geometrical feature the model shows well. Then name o
GROW__SCI_G_W7B_The_Moon_Do.html,exit,Supported,screen,2.5,False,"How long does the Moon take to orbit Earth, roughly?"
GROW__SCI_G_W7B_The_Moon_Do.html,exit,Standard,screen,2.3,False,Use the model to explain one Moon phase.
GROW__SCI_G_W7B_The_Moon_Do.html,exit,Stretch,screen,9.8,False,Explain why an eclipse is different from the normal phase cycle and name one model limitation.
GROW__SCI_G_W7B_The_Moon_Do.html,exit,,screen,2.5,False,"How long does the Moon take to orbit Earth, roughly?"
GROW__SCI_G_W7B_The_Moon_Do.html,exit,,screen,2.3,False,Use the model to explain one Moon phase.
GROW__SCI_G_W7B_The_Moon_Do.html,exit,,screen,9.8,False,Explain why an eclipse is different from the normal phase cycle and name one model limitation.
GROW__SCI_G_W7B_The_Moon_Do.html,print,Supported,print,6.9,True,Supported independent route ◆ Use the four-position wheel. The sunlight arrow is already printed. Match what the observer sees. Scaffold Adult controls torch if
GROW__SCI_G_W7B_The_Moon_Do.html,print,Standard,print,8.3,False,Standard independent route ▲ Build/label the wheel and explain why the apparent shape changes. Scaffold Reasoning frame: light source → Moon position → visible 
GROW__SCI_G_W7B_The_Moon_Do.html,print,Stretch,print,11.8,False,Stretch independent route ★ Add an eclipse comparison and evaluate one limitation of the physical model. Scaffold Explain which geometrical feature the model ca
GROW__SCI_G_W7B_The_Moon_Do.html,print,,print,5.2,True,◆ Use the four-position wheel. The sunlight arrow is already printed. Match what the observer sees.
GROW__SCI_G_W7B_The_Moon_Do.html,print,,print,7.6,False,Adult controls torch if needed; pupil directs Moon position and chooses the matching view.
GROW__SCI_G_W7B_The_Moon_Do.html,print,,print,4.8,True,▲ Build/label the wheel and explain why the apparent shape changes.
GROW__SCI_G_W7B_The_Moon_Do.html,print,,print,7.6,False,Reasoning frame: light source → Moon position → visible part → phase.
GROW__SCI_G_W7B_The_Moon_Do.html,print,,print,12.7,False,★ Add an eclipse comparison and evaluate one limitation of the physical model.
GROW__SCI_G_W7B_The_Moon_Do.html,print,,print,9.1,False,Explain which geometrical feature the model captures well and which scale feature it does not.
GROW__SCI_G_W7B_The_Moon_Do.html,print,,print,8.4,False,What this model helps us see: It lets you produce each phase on demand and see the positions that cause it. What this model does not show: It leaves out the til
GROW__SCI_G_W7B_The_Moon_Do.html,print,,print,10.2,False,WORD HELP phase — the shape of the Moon we can see eclipse — one object blocking light to another model — something built to stand for the real thing
GROW__SCI_G_W7B_The_Moon_Do.html,print,,print,9.2,False,ONE closure line after an adult has genuinely received the response and given one next step: Next I will _______________________________________________________
GROW__SCI_G_W7B_The_Moon_Do.html,print,,print,3.6,True,"GROW written close — the pupil writes this line: “What I said, and what it changed:” ________________________________________________________________ __________"
